offer,glass,Clarkside,4,4
level,ago,South Jessicamouth,8,8
production,suddenly,Kathrynberg,2,1
develop,must,Laurenhaven,4,2
choose,activity,Collinsside,2,4
throughout,goal,North Eugeneborough,5,2
would,total,Brownchester,9,5
rate,sort,East Chad,6,7
scene,stuff,Daniellemouth,6,5
ok,every,West Rebecca,4,2
response,especially,South Robertfurt,8,2
million,skin,South Michaelton,3,2
amount,learn,Meganton,3,9
bit,nearly,Dukeberg,7,2
white,rather,Hallberg,5,9
want,wish,Burgessville,7,6
thank,under,New Dominique,9,5
lose,past,Lake Joseph,3,9
start,at,Port Russellfort,7,5
when,actually,Dominguezstad,1,6
benefit,six,Kristinbury,3,4
explain,personal,Coleberg,8,5
wish,method,Fieldsbury,3,3
case,agency,Brendanton,4,5
the,agree,West Dawn,1,3
Mrs,direction,Port Kathrynberg,6,8
nearly,mention,Burnsshire,3,7
art,how,North Victoriaborough,4,1
write,similar,Port Elizabeth,6,7
recognize,good,South Donaldmouth,3,7
a,take,East Robertaville,1,2
summer,talk,Patriciaside,1,2
hotel,production,Christinaton,5,8
employee,staff,Lake Sheilafort,8,5
likely,it,South Nicoletown,9,5
talk,leave,Stevenshire,7,5
officer,history,South Tara,4,4
class,like,New Brandy,1,1
water,soon,Trevortown,2,1
add,program,Williamstown,8,9
public,movie,Jenkinsmouth,9,8
fast,hundred,West Matthew,1,5
sure,eye,Terrellmouth,4,8
street,loss,Port Earl,3,3
onto,middle,Kevinberg,7,4
bag,race,North Lindaside,2,5
mother,style,Andersonhaven,4,4
meet,control,Sandraborough,2,9
enter,tonight,Port Christopher,3,4
fire,head,New Jose,1,1
close,store,West Pam,7,7
offer,stuff,Lake Patrick,4,8
state,stay,Stevenmouth,9,8
measure,trip,Cookside,1,7
even,capital,Port Gregoryhaven,4,9
team,southern,Lake Melanie,7,2
religious,environmental,Grantchester,5,4
move,success,Jamestown,1,3
show,light,Robertside,5,5
live,interest,Port Megan,2,2
add,agree,South Lawrencefurt,3,4
account,so,Lake Emilyfurt,4,4
anything,manage,Pittsmouth,4,6
interest,more,North Phillip,5,8
security,use,West Andreahaven,1,3
work,western,Port Cynthiaberg,6,5
buy,their,Austinberg,5,1
another,serve,South Jennifer,4,7
wear,day,Lake Renee,4,1
field,sort,Kylechester,3,1
long,eight,Jenniferfort,1,1
drive,since,Ashleyberg,9,7
clear,get,East Evelynshire,6,2
step,officer,South Gordon,5,7
first,difference,Colemanhaven,3,9
control,treat,South Christopherside,5,5
sound,successful,New Michael,2,9
instead,national,North Daniel,2,3
chance,same,Kevinmouth,3,6
become,product,Meyerstad,2,7
later,somebody,Maryview,6,2
act,stock,Maxwellmouth,9,1
fund,total,Port Heather,9,1
he,everybody,Port Terrystad,7,8
lead,first,Taylorton,6,8
yourself,development,Kevinhaven,2,2
job,into,Davidstad,4,1
rock,church,North Charles,8,4
specific,most,Hunterbury,6,1
discuss,policy,Williamton,8,2
new,sing,New Peter,2,5
religious,rise,West Tonyton,4,1
special,food,Stephenfurt,7,8
head,black,Jasonburgh,8,3
happy,continue,Castanedabury,1,9
last,night,West Annehaven,9,6
glass,season,Davisfurt,9,2
receive,before,Leonardfurt,1,5
start,someone,Josephview,9,7
whom,too,New Sandra,8,1
usually,fine,West Amanda,5,2
east,response,Whiteview,2,6
happen,already,South Stephanie,1,7
medical,once,Petersenchester,5,9
specific,hard,Steveville,8,6
fire,suffer,Port Lisatown,6,4
shoulder,several,West Heidi,2,1
high,reach,West Madelinetown,3,8
instead,for,North Carrie,9,6
score,hospital,New Juan,2,6
executive,property,East Rebecca,9,7
hit,organization,North Chad,2,9
market,none,Powellfort,1,6
world,according,Aaronville,8,9
throughout,hour,Thompsonmouth,2,5
class,wait,Brownhaven,2,1
final,sing,Medinaton,6,7
subject,small,Brendamouth,2,4
explain,citizen,New Patriciastad,7,2
hospital,high,Clarkchester,3,6
civil,man,East Heather,4,8
run,enter,Moorebury,1,1
push,minute,Lake Stanley,7,7
fly,brother,East Michelefort,9,7
me,everything,Michaelbury,7,5
manage,couple,West Rebeccafort,9,7
over,major,Millerbury,8,1
evening,write,Lake Brandonberg,1,5
statement,happen,East Kennethbury,3,9
practice,science,Angiemouth,3,4
board,responsibility,Lake Alexiston,9,3
seem,simply,Phillipsburgh,1,5
kid,edge,Douglasview,2,7
stock,air,Cherylborough,1,7
same,they,Saundershaven,9,7
a,surface,North Shawnfort,3,1
network,adult,Michaelmouth,6,7
over,something,North Carolinemouth,6,3
four,plant,South Diamondchester,8,4
officer,room,Zimmermanland,7,3
recent,student,West Corey,1,8
artist,college,Taylorville,8,3
identify,economy,Robertburgh,2,3
first,energy,West Timothy,7,9
might,culture,Robertsonberg,3,8
fight,cup,Michaeltown,3,6
force,age,North Michaelville,1,2
owner,read,New Raymond,1,2
tough,me,Osborneport,3,7
consider,happy,East Carlfort,3,8
property,various,Kelleyport,1,8
report,author,North Jamie,4,4
national,generation,Lake Rebeccaport,1,2
pay,experience,South Timothybury,3,8
away,policy,Danielleside,1,9
college,opportunity,Beckyport,5,9
really,laugh,West Carolyntown,6,7
apply,boy,Kimville,9,7
serious,huge,North Cynthia,3,5
strong,conference,New Christopher,3,3
yourself,area,New Jessicaland,1,5
reduce,realize,Jonesburgh,1,6
cost,blue,Madisonbury,9,8
question,trade,Youngland,7,4
wish,key,North Richard,9,8
figure,early,Tyroneburgh,3,7
finally,middle,Ramseyton,8,7
begin,sound,West Matthewville,8,5
military,attorney,South Amy,3,3
much,medical,East Richardshire,1,9
whom,yes,Robertsstad,7,1
help,budget,New Thomastown,6,3
back,guess,South Anna,4,8
require,light,North Mary,3,7
while,imagine,Christophermouth,9,6
music,available,North Dustinton,3,6
reveal,you,North Andrea,7,8
wife,learn,New Robert,2,5
chance,same,South Carolineton,4,7
technology,respond,South Nicole,5,4
magazine,throughout,Brendanstad,1,2
just,dinner,South Williamburgh,1,9
final,shoulder,North Sara,9,9
believe,would,Phillipsside,3,2
close,article,North Curtis,6,6
season,plant,Chelseaton,5,5
interview,gun,Haroldstad,2,5
quite,board,Powellchester,3,6
so,certainly,Kellyberg,8,8
Congress,news,Kayleeview,4,5
evidence,authority,Juanside,5,1
early,concern,Hallburgh,5,4
commercial,than,Kaitlinshire,3,7
song,reveal,New Matthewtown,1,5
stop,compare,Colemanstad,1,7
board,be,Joshuamouth,5,8
glass,open,Shawnmouth,3,7
usually,likely,Port Keithtown,6,7
let,benefit,Lake Thomas,5,6
lead,red,Parrishfort,8,8
author,former,Debratown,4,4
not,father,Port Amandaland,4,6
total,call,Stevensontown,2,8
voice,ability,Lake Robinport,3,6
operation,purpose,Port Joshuastad,4,1
different,artist,Frankfurt,4,9
modern,amount,New Patricia,4,9
first,worry,Davisbury,1,9
outside,six,Vickiton,8,2
former,standard,Flynnview,8,5
reality,son,North James,8,4
because,animal,New Alexandermouth,7,2
because,second,East Edwardhaven,6,9
look,possible,Andreaside,9,4
if,consider,East Rachelton,9,8
pattern,senior,South Sarahfurt,5,9
so,myself,North Curtis,3,1
generation,job,Webbstad,4,9
matter,type,East Michaelabury,4,8
citizen,imagine,South Amandaberg,5,4
degree,machine,Marktown,1,7
art,data,New Christophermouth,3,5
future,note,South Martinland,7,1
account,support,East Crystal,9,1
magazine,often,Lake Veronica,7,1
interview,good,East Daniel,2,7
record,answer,East Andrew,1,5
six,particular,Moyerbury,2,7
century,bring,Krausebury,4,6
lot,against,East Kara,8,1
avoid,read,North Andrewmouth,8,6
it,street,Lake Donaldhaven,2,6
production,tell,Jasmineburgh,8,3
threat,one,North Gabrielville,6,3
believe,school,East Virginiafurt,3,5
land,this,Jeffersonhaven,5,8
play,play,Lake Aaronstad,9,3
include,receive,Smithberg,5,8
control,new,Reedland,6,1
eight,thus,East Samuelburgh,6,5
rest,too,Hinesmouth,4,1
girl,well,New Jordan,7,2
about,today,Johnchester,4,4
south,life,Port Marybury,2,6
system,author,Lake Kevinhaven,6,9
accept,product,East Rhondaside,6,2
least,though,New Troyport,1,8
base,degree,Lake Isaiahport,5,7
develop,cover,Port Leahmouth,8,9
edge,design,Deniseview,7,1
make,environmental,Delacruzberg,9,7
already,bit,Marshstad,5,8
card,measure,East Steven,3,6
challenge,your,Rhondabury,9,4
interesting,page,New Jasonside,6,8
nothing,American,Lake Lindsay,4,9
blue,common,Juliamouth,7,8
somebody,scientist,Williamburgh,7,5
husband,peace,Lake Michaelstad,5,6
tonight,throughout,Donnashire,5,2
past,operation,Johnshire,7,5
affect,event,New Kenneth,1,1
grow,feeling,New Shannonport,8,7
our,else,South Robert,2,4
detail,whatever,Lake Julia,5,5
recognize,local,New Codybury,6,8
among,western,Spencerhaven,7,5
what,television,Hebertport,6,8
mother,travel,Gonzalesstad,2,2
chair,various,Perezview,4,2
benefit,spend,New Lauren,7,7
other,so,East Kimberlyside,5,6
health,new,Dawnburgh,7,9
staff,gas,Priceburgh,8,5
ago,quite,Port Hayden,8,5
rise,region,Clarkton,7,7
dinner,hundred,Peterview,3,1
condition,job,Lake Isaacland,7,9
song,blood,North Jameschester,5,7
try,may,Flemingland,5,6
evening,house,South Tarashire,2,8
Republican,remember,West Nicoleside,6,4
to,role,Kennethshire,8,4
perform,rate,Wernermouth,6,7
social,of,Hicksstad,1,4
affect,guy,New Manuelborough,5,8
major,necessary,Port Patrickborough,8,1
fill,apply,New Ryan,7,6
majority,meeting,Port Dianaside,7,7
test,star,East Justinfurt,3,7
easy,chair,New Joseph,1,7
west,us,New Karaside,7,7
degree,soldier,Aprilside,6,7
child,at,Lake Marieville,8,7
matter,level,West Janetshire,8,7
black,partner,Odomborough,6,4
bar,full,Lisaland,1,1
major,ever,North Joseph,1,3
challenge,hard,Hannahside,9,2
listen,probably,South Spencer,3,5
join,fine,Amyport,1,7
state,role,Nelsonstad,6,7
dog,when,Matthewfurt,4,9
song,personal,Romeroburgh,3,3
probably,social,Johnstad,4,9
me,age,East Kimberly,2,7
since,skin,Mooreland,9,4
become,century,South Raymondfurt,9,8
message,very,Sierrachester,3,2
gas,strategy,Travisfurt,2,1
staff,trade,Port Christine,5,6
college,president,West George,3,1
red,front,East Sarah,6,5
lot,pass,South Benjaminmouth,8,1
add,develop,North Mitchellview,1,2
question,dream,Port Manuelfort,7,1
stock,Congress,Castillostad,6,2
nor,world,Hubbardbury,9,2
long,blood,Davidchester,6,7
quite,keep,Brianfort,8,8
recently,at,Lawrenceborough,7,3
start,student,Rodriguezton,6,4
heart,remember,South Terry,8,2
report,power,Charlesmouth,4,7
actually,popular,West Alyssamouth,5,1
can,pull,Heidiville,9,4
collection,message,Jonathanstad,2,9
whose,economy,Wagnerborough,2,5
my,expert,Leeton,5,7
point,fine,East Jeffrey,7,8
leader,leave,Connieberg,3,9
medical,smile,Port Samanthafort,4,3
military,last,South Steven,7,8
student,cover,Marksberg,9,4
professor,college,Port Cristinafort,8,8
police,later,Burtonburgh,2,4
right,democratic,South Kelly,6,7
born,morning,West Cindyport,3,5
approach,such,West Jamiefurt,6,5
investment,across,South Derek,6,7
model,standard,Port Tyler,7,7
party,my,Lake Eric,7,4
method,song,East Dennis,8,4
but,college,Gabrielleport,5,1
picture,win,Taylortown,1,9
term,development,Port Erin,4,9
more,minute,Bentonview,8,6
appear,form,East Dustinmouth,2,4
radio,base,Bakerton,2,3
book,beyond,Lake Justinbury,8,1
quickly,hospital,East Kevin,7,7
blood,draw,Christopherchester,7,2
challenge,example,Schaeferside,2,5
see,young,West Cindy,3,3
spring,edge,Thomashaven,9,9
toward,certain,Lake Raymond,3,2
win,manager,Jenniferborough,7,1
star,into,New Jerome,3,8
cup,value,South Melissa,3,3
statement,dark,South Kathleen,2,8
close,ahead,Angelatown,3,1
mention,office,Olsenborough,3,6
design,box,North William,6,8
kind,marriage,North Bryanfort,3,5
describe,born,Cunninghamtown,5,4
short,team,Acevedotown,6,9
language,second,North Jeffrey,5,6
reveal,nothing,Lutzhaven,5,8
speak,call,Andrestad,8,1
life,understand,Santiagochester,7,1
anyone,knowledge,Maldonadofort,2,9
moment,you,Port Richardchester,2,6
lawyer,individual,West Mario,6,9
picture,morning,Christopherton,9,1
certain,technology,Port Emilyton,7,4
time,spend,North Jennifer,5,2
throw,fall,Robinborough,5,8
guy,film,New Kevinview,7,4
very,reflect,Lake Seanchester,6,8
national,campaign,West Vanessa,9,2
will,despite,South Annetteshire,1,7
suggest,up,North Tonyafurt,2,9
trade,feeling,Lake Paulaberg,7,4
such,election,Lake Kristinfurt,4,7
continue,teach,Marshhaven,5,2
positive,after,Port Allison,1,4
operation,bill,West Dennis,1,6
theory,food,Samanthahaven,1,6
wife,pull,West Sharonborough,3,6
late,gun,Jordanbury,1,6
continue,read,Richardstad,7,8
provide,hit,North Alexanderton,5,8
throw,what,Kathleenshire,9,5
treat,pick,Lake Stacyfort,7,8
picture,career,Lake Danielchester,7,6
how,manager,South Gail,5,5
nothing,result,Port Josephfort,4,5
possible,threat,West Dennis,6,5
on,poor,Gillville,1,4
sister,under,Lake Kristina,1,8
half,mission,West Louisside,5,4
yet,draw,Cherylside,9,7
share,total,Gomeztown,2,1
teach,worry,Lake Thomasshire,8,8
police,quite,East Heather,8,9
here,piece,Mccluremouth,2,3
space,never,East Tyrone,7,8
professor,forward,New Markport,6,2
his,throughout,West Seth,7,6
candidate,determine,Fordhaven,9,2
consider,film,Michaelfurt,5,1
remain,budget,New Veronicaville,7,6
anyone,near,South Traciefort,4,6
much,support,Nicholashaven,7,8
six,information,Connerville,6,2
million,employee,Rebeccaside,3,6
late,case,Michaelfurt,7,5
listen,war,New Jessica,7,9
model,nor,Port Henry,4,4
human,Republican,Carterville,8,5
apply,well,Michelletown,8,5
mean,article,West Kirstenland,5,3
research,interest,New Patriciamouth,1,5
management,rise,Sparksburgh,7,6
something,person,North Michael,5,4
field,evening,New Michelle,7,4
help,trade,West Henryview,3,5
section,natural,West Jayshire,5,3
every,crime,North Helen,9,1
never,fear,East Andrew,8,9
upon,a,East Ericamouth,1,5
anyone,lead,Lake Nicholas,4,5
board,pick,East Jamesview,7,6
we,staff,Lake Davidhaven,5,6
arrive,father,Glenhaven,5,8
theory,white,Lake Randymouth,8,9
necessary,control,West Rhonda,8,1
magazine,watch,Rebeccaville,4,5
center,their,Thomaschester,3,3
let,together,Nicholasmouth,5,2
the,center,West Amyville,5,3
they,discussion,North Jenna,4,1
minute,material,South Johnstad,2,2
education,society,Cherylchester,5,3
exactly,idea,Richardsonfurt,9,1
or,significant,Howellmouth,5,9
including,half,Youngtown,6,1
training,ahead,New Christinafort,6,9
traditional,garden,Paulaport,1,2
stay,go,Mcgrathhaven,6,3
kid,natural,Castillofurt,5,3
age,available,Careyfurt,2,2
skin,reason,Port Nicholas,8,1
money,style,West Matthew,5,3
stage,specific,West Steven,1,1
alone,tend,East Christinafort,5,1
everybody,lawyer,Amberstad,3,8
record,service,North Karenview,9,3
act,drop,South Kristopherfurt,2,6
structure,will,New Aaron,5,8
cause,focus,West Mario,9,2
force,less,East Debbie,7,4
big,feeling,North Danielport,1,4
stuff,almost,New Diana,1,6
inside,include,South Juan,5,1
enough,travel,Ericland,8,2
what,learn,Finleyville,6,9
walk,into,North Mary,7,4
similar,culture,Jacobshire,4,5
daughter,change,Williamsonchester,6,6
without,too,South Christopher,7,4
choose,protect,South Michaelville,1,2
security,maintain,Danielmouth,3,8
purpose,simply,Simshaven,8,8
home,himself,Allisonfurt,5,8
structure,trip,Fryeville,6,5
hold,project,Rothtown,7,1
big,public,Davisburgh,1,4
least,health,Williamschester,4,4
child,federal,East John,7,8
experience,sell,Stephensport,5,3
discover,war,East Biancamouth,2,1
cause,loss,Floreschester,6,1
out,hair,Lake Crystalberg,7,4
rich,then,Jasonberg,2,6
man,music,Lewismouth,9,2
arrive,score,Lake Nicole,6,1
focus,kid,Arielburgh,9,8
turn,film,Rachelport,8,6
me,expect,Donaldsonfurt,1,2
almost,force,Chelseaville,7,1
anything,nor,Port Jeremy,8,7
small,join,South Stephanie,4,8
difficult,force,Sullivanland,8,3
government,society,New Jenniferborough,4,9
sure,fast,New Javierton,9,9
become,protect,Port Erikabury,1,2
above,marriage,East Cynthia,7,4
image,financial,New Colleen,1,9
fall,mouth,West Michaelchester,4,3
when,what,West Michael,6,8
near,near,Craigchester,2,2
town,rock,South Carolinefurt,3,5
product,need,West Marcus,9,6
him,particular,Port Randy,3,7
time,she,Garrisonton,3,4
moment,watch,Lake Russell,2,2
rule,entire,Lake Connie,6,6
project,chair,Tylerton,7,4
east,always,Patrickland,2,8
hospital,PM,Christophermouth,2,6
follow,country,North Jesse,7,8
why,decade,North Jenniferville,6,2
include,land,North James,4,8
understand,site,Williamsmouth,4,1
moment,young,Davidland,1,2
adult,section,New Mark,1,8
response,themselves,New Scottville,7,8
city,strategy,North Jeromeborough,4,8
citizen,even,West Charlesmouth,7,6
collection,realize,New Ruthport,1,7
little,other,Maldonadoburgh,4,4
majority,themselves,Port Tricia,8,8
member,near,North Robin,1,6
city,subject,Robertbury,5,7
later,happen,Martinezmouth,3,7
public,reality,Lake Susan,9,1
suggest,walk,Richardland,8,8
onto,including,Mcdanielburgh,6,9
despite,quite,South Toddchester,1,1
while,start,North Joseph,5,9
condition,rule,Jamesbury,9,9
run,build,Port Leslieville,5,8
area,almost,Lake Jeffrey,8,5
daughter,really,Jacobsland,3,4
artist,investment,East Larry,2,1
case,sit,Aaronfurt,3,4
edge,now,Port Kathy,6,3
on,year,Morenochester,6,5
something,art,Martinezfurt,4,8
college,here,West Andreamouth,8,8
whom,traditional,Karenland,8,7
program,activity,West Thomasview,8,9
money,them,Morrisonburgh,8,6
as,admit,Vazquezfort,8,1
military,only,New George,6,3
brother,different,Karenville,8,6
do,special,Ramosville,5,3
develop,world,Port Andrea,1,6
allow,reveal,Bryanland,6,1
discuss,team,North Michaelborough,2,4
moment,get,New David,5,9
bring,low,North Nicholas,5,2
fear,matter,New Paul,7,1
until,institution,Staffordchester,2,4
commercial,left,West Dennisburgh,1,2
hard,meet,West Angela,5,8
black,a,Alexanderfurt,2,3
thing,common,Brandonstad,4,7
future,whatever,South Mikayla,7,8
about,lawyer,Lake Deanna,9,4
environment,drive,Lake Albertstad,2,9
exist,his,Cunninghamhaven,3,2
deep,just,West Joshuaport,4,6
control,consumer,New Julia,4,4
single,back,Lake Jamesland,9,6
sometimes,quality,New Christinetown,7,7
fast,meeting,South Kristi,1,9
still,without,Kristafurt,2,7
minute,very,Espinozamouth,5,8
determine,company,Whiteton,9,8
end,first,Munozville,1,5
state,moment,Millerview,4,8
cause,box,West Jennamouth,8,2
little,rich,Mccarthyview,5,8
born,by,West Christopherbury,8,4
claim,rate,New Stevenchester,9,9
election,test,Lake Crystalton,6,6
into,else,Rushmouth,8,3
be,cold,Port Amanda,2,7
born,beautiful,Port Andrea,6,9
already,culture,New Jeremy,3,7
against,everything,New Michelle,5,6
person,fly,Brownstad,5,1
although,recent,South Francisco,9,5
probably,no,Lake Ruben,8,8
investment,play,South Monica,3,1
pull,military,North Gregorybury,9,4
move,wife,South Courtneyberg,1,8
course,home,Port Alexis,7,6
piece,enough,Port Thomas,6,1
visit,hundred,Ashleyside,4,1
mean,by,South Christopherhaven,4,9
thousand,break,Anthonybury,7,9
bag,address,West Thomasmouth,3,7
huge,someone,North Andrew,1,2
force,relationship,Smithland,5,7
work,response,Daybury,1,9
travel,realize,Port Nicolemouth,8,3
thought,message,Smithfort,2,9
experience,certain,Laurenside,3,5
edge,job,Hannahbury,9,2
central,move,New Priscilla,1,9
peace,what,Jamesview,8,1
particularly,here,Watsontown,2,3
responsibility,participant,Laurashire,1,9
like,ahead,Smithview,4,4
fly,will,Victoriafurt,5,5
enter,painting,West Heather,6,7
only,beat,West Pamela,3,1
clearly,book,Lake Williamfort,4,4
reason,wonder,Smithmouth,1,5
hospital,more,Port Kyle,4,9
certainly,into,Port Kennethberg,9,1
board,hair,South Stephenfurt,4,6
gas,really,New Andrewville,5,9
gas,painting,New Henryhaven,1,9
away,shoulder,Loveton,3,2
consumer,matter,Scottshire,5,1
whole,woman,South Amandaburgh,1,5
animal,interesting,Hollymouth,8,7
concern,close,East Donna,4,7
still,coach,Leeton,7,8
entire,of,Ramirezchester,5,4
seven,Congress,Tuckerland,5,9
star,continue,Port Megan,3,2
thing,own,Lisachester,6,1
they,box,East Sheilaport,3,5
present,fact,North Pamelaport,1,7
son,product,East Dana,9,9
son,factor,Danahaven,2,9
girl,land,Smithton,7,9
have,material,New Christopher,9,4
drug,one,Heatherstad,7,9
ever,college,Port Jeffery,7,2
contain,way,New Lisa,1,9
say,beyond,East Heather,1,8
education,important,Port Rachel,8,4
between,company,Selenashire,5,1
story,care,East Colinmouth,9,6
often,dream,Aimeeburgh,9,9
everyone,us,West Douglas,1,7
difficult,government,Port Dominicville,3,6
behavior,expert,Michaelland,3,4
standard,along,New Adamhaven,9,6
treatment,real,Turnerport,7,9
until,voice,Andrewton,6,9
amount,even,Jacobsmouth,5,9
red,stock,Lake Lori,5,1
fight,network,Lake James,3,1
event,because,North Cynthia,4,6
way,water,Port Haleyport,1,1
want,feel,West Joy,7,9
reach,close,Murphyhaven,5,1
talk,store,Hillland,3,5
they,cut,Lake Valeriechester,5,2
south,case,South Josetown,3,1
exist,first,East Jacob,7,8
common,expect,Judithview,6,6
according,front,West Larry,1,9
out,sport,Montesberg,6,8
necessary,by,East Brittanyberg,5,7
method,give,New Terrymouth,1,6
night,nice,Robertfort,7,8
computer,with,East Janice,1,7
seven,new,New Marktown,8,9
majority,wonder,New Benjamintown,2,4
almost,risk,Port Kurt,3,2
model,second,South Tanya,2,8
account,without,New Benjamin,6,4
see,spend,Mannview,1,2
class,analysis,Austinstad,9,9
theory,professor,South Christinamouth,2,3
they,financial,Julieton,9,8
down,strong,East Amberchester,4,6
management,detail,North Kristinaburgh,3,2
happy,officer,North Crystal,5,5
officer,TV,Port Cynthiaville,3,4
some,some,Williamburgh,7,6
color,without,Mitchellmouth,2,6
five,unit,West Jeremyfurt,2,3
field,environmental,Phelpsfurt,9,6
interest,herself,Flemingfort,5,3
direction,month,New Ashleyport,4,9
society,ground,Philipborough,5,7
resource,bad,West Lacey,5,9
hand,all,New Marciaside,6,3
week,fear,Lake Sandrabury,7,9
city,quite,Lunaview,7,5
crime,animal,South Vanessaport,2,2
toward,about,Virginiatown,1,7
worry,left,Jamesborough,8,3
church,long,South Johnborough,9,9
deep,front,Port Williamberg,7,2
group,out,East Bonnie,4,4
a,very,Port Marystad,1,4
interview,paper,North Thomasshire,3,1
participant,behind,Valdezborough,6,8
lot,somebody,Anthonyview,1,2
try,expect,Port Makayla,1,5
too,if,Dennisborough,9,4
woman,democratic,Williamsborough,9,2
against,thousand,Delgadoville,9,4
exist,glass,Joseshire,2,5
result,natural,Sherrifort,6,6
process,tell,Robertsfort,8,5
quickly,lay,New Sarahland,6,9
watch,environmental,Lake Melissa,6,3
manager,drop,Smithmouth,9,8
baby,information,North Adam,8,7
lead,large,North Felicia,8,9
sense,sell,Robertbury,3,7
standard,husband,West Shannonside,5,5
measure,especially,Emilyland,6,8
together,where,Port Brandon,4,4
trade,structure,Lake Robert,5,3
life,able,Reneeberg,9,6
note,talk,Justinport,1,4
growth,item,East Justin,6,5
financial,add,New Mallory,7,5
follow,alone,New Paigeland,5,3
use,his,South Angela,9,4
tree,prevent,Leslieville,3,4
radio,professor,Daisymouth,9,6
nature,table,Lake Allisonville,7,2
entire,college,Hernandezbury,2,7
according,front,Erikaland,1,7
hundred,agree,New Carmenton,7,3
support,range,Jefferychester,7,8
so,when,Hicksborough,7,4
home,piece,Ingramland,2,2
condition,well,Holmesburgh,9,7
prepare,out,Port Lesliechester,7,8
agent,here,East James,4,1
per,which,Port Randy,1,4
place,foot,South Bradleymouth,4,9
whole,raise,North Carrie,1,6
seat,toward,North Shawn,8,6
box,huge,Vickiborough,8,1
surface,play,Lake Jesusstad,1,9
civil,common,Port Amber,7,4
environmental,paper,Williamshaven,3,1
wish,take,Debrashire,6,2
at,house,Reedport,9,6
piece,quite,Lake Patrickfort,7,9
almost,shake,East Brian,1,9
key,reality,Nicholasside,3,8
need,little,Port Dorishaven,3,5
age,much,Bettyport,3,2
relationship,development,Paigeberg,8,2
heavy,include,Davidton,9,4
life,story,Port Cindyborough,2,1
drive,eye,East Eric,9,5
realize,figure,Wallschester,8,9
exactly,have,South Mary,8,7
significant,training,Austinstad,3,8
myself,federal,New Patrickborough,5,9
include,trial,East Roger,1,6
him,city,Jessicaview,4,9
development,trade,Allenland,7,5
seven,speak,Torresland,8,6
a,anyone,North Joyce,9,2
station,about,Turnerhaven,8,4
cup,citizen,Bradleymouth,7,2
similar,least,Michaelshire,2,4
resource,energy,Brittanyburgh,8,2
themselves,class,Baxterfurt,2,6
respond,teach,North Makayla,9,9
art,represent,New Noah,1,6
personal,toward,Lauraville,8,6
arrive,form,Evansport,2,6
section,international,West Carolynburgh,9,6
change,result,Fischerland,6,4
site,matter,South Beth,2,9
better,least,Ninaberg,5,4
present,big,South Daniel,5,1
range,part,Michellefurt,8,6
give,realize,Bushtown,4,5
whether,general,Baxterfort,7,2
receive,say,Port Bettyside,2,6
a,walk,West Kimberlyland,1,8
two,himself,Warrenville,9,1
professional,several,West Robert,6,5
it,cost,Troyfurt,9,9
share,piece,West Shari,9,1
window,there,Alexanderstad,9,2
provide,authority,Housefort,2,1
house,information,Yangland,7,2
we,lead,Jordantown,6,8
product,sure,East Colleen,8,2
high,industry,Chasestad,6,3
together,those,South Michaelview,1,3
ok,alone,South Paulton,4,9
answer,expect,West Nicole,9,1
price,remain,Gonzalezmouth,1,1
black,car,North Robert,5,9
large,own,Mckeeview,6,7
black,practice,Amytown,1,2
in,new,Jacobmouth,3,7
pattern,property,Fisherchester,8,9
character,build,North Scottton,6,9
toward,term,West Robinburgh,6,7
form,popular,Davisburgh,5,9
go,agree,New Ryan,4,2
serve,not,Cochranbury,3,6
research,land,South Alexander,2,8
son,stuff,Rachelland,3,9
seat,beautiful,Tiffanyside,6,1
hear,bank,East Kristinmouth,8,9
rate,ok,Lake Amanda,7,8
gas,shake,South Johnland,7,8
generation,get,New Christian,7,8
local,radio,Lisamouth,6,5
total,hold,West Brian,6,4
remain,believe,South David,1,6
agent,whatever,Perryberg,6,8
huge,sense,West Alejandra,5,3
arm,tree,Michaelmouth,8,5
hundred,worry,Gallegosfurt,6,2
tell,none,East Michaelport,4,3
visit,matter,Lake Kathleen,1,4
kind,beyond,Lake Annabury,1,4
must,live,Salazarfort,2,1
office,speak,Connieland,2,3
rather,these,Jonathanfurt,4,4
among,put,New Lori,7,4
detail,let,South Justin,4,4
suddenly,recently,Lake Anthony,8,1
question,attorney,New Daniel,5,6
expert,third,West Courtneyland,6,8
hold,throw,Lake Pennyview,1,1
beautiful,air,Joyberg,7,2
suggest,your,East Alanhaven,3,6
talk,whether,Jasonmouth,2,4
history,administration,Port Luis,2,1
eight,part,Paulburgh,6,8
after,often,Cynthiastad,5,9
care,entire,East Christopher,7,7
term,hot,Julieton,8,6
result,specific,East Jennifer,7,3
name,quite,Port William,4,7
night,discuss,Santanaside,6,5
what,place,Port Melissaberg,8,7
form,now,Davidview,7,4
end,card,Mcleanmouth,8,4
clearly,may,Aliciaside,4,9
Congress,many,Petersonfort,3,1
next,a,Rosshaven,1,5
class,bank,Larsonborough,1,2
four,above,Aaronview,2,1
check,write,Tateton,6,1
remember,deal,Cruzport,2,1
model,generation,Woodmouth,1,9
drop,bar,South Gail,8,5
learn,at,South Albert,4,5
alone,worker,East Shannontown,7,5
address,bad,Lehaven,5,4
simple,TV,Martinport,4,2
day,agent,Port James,7,8
along,watch,Matthewstown,7,6
behind,produce,South Ashley,7,8
positive,represent,Elizabethmouth,5,9
man,ok,West Billy,1,1
if,policy,West Rebecca,2,1
goal,all,New Joseph,9,8
statement,television,Lake Zoe,4,6
they,apply,Justinborough,7,1
investment,break,West Michelle,8,5
drop,game,West Denisefort,8,2
painting,event,New Denisehaven,7,8
per,art,East Douglasbury,2,3
eat,sort,East Joshua,7,2
sea,good,South Todd,5,3
common,try,North Chelsea,5,4
check,fill,Jasminechester,1,3
hope,somebody,Singletonview,1,7
chair,and,Austinmouth,5,9
song,focus,Tylerburgh,7,5
speech,politics,Haleyberg,5,2
affect,quickly,Port Courtneymouth,1,7
door,certainly,Campbellshire,3,7
field,condition,Port Brittany,2,4
who,budget,Petersborough,8,1
responsibility,hour,New Gregory,6,6
mother,sometimes,Wesleyside,2,7
such,girl,Farleyshire,4,7
beat,go,North Cindy,4,8
minute,see,Odomton,4,4
raise,raise,Stephaniestad,9,3
enter,agree,South Paulamouth,3,9
effect,board,Holmesfurt,4,8
pay,they,Jacksonfurt,2,5
deep,process,Sarahburgh,5,2
share,work,Tammyhaven,6,5
data,important,North Rebecca,1,6
treatment,hospital,Port Chad,9,1
force,range,New Daisy,2,8
property,last,Brendaport,4,8
sell,serious,Gomezchester,4,2
various,nothing,Taylorfort,1,3
north,history,North Gary,5,7
among,fund,West Brucechester,3,8
house,conference,Terryland,8,8
any,reach,Lake Josephmouth,8,5
arm,about,West Stevenfurt,4,9
meet,doctor,Sanchezhaven,6,4
reason,happy,West Shannonfort,4,1
know,physical,South Christinaberg,9,4
perform,people,North Cynthiaton,8,8
option,seat,Marshallfort,8,7
you,rich,Tiffanybury,6,5
local,often,New Charles,8,1
himself,camera,South Michele,3,1
find,country,Michaelhaven,3,6
direction,success,Port Johnchester,3,5
energy,off,East Jacob,2,7
forget,girl,Trevorside,3,2
east,change,West Jillian,4,9
six,stand,Martinezton,8,6
gun,value,North Jonathanborough,8,2
event,treatment,North Kimberlymouth,3,9
memory,air,Patrickside,2,3
few,occur,Lake Scottborough,1,1
almost,carry,South Robynchester,8,6
teacher,laugh,West Matthew,4,6
machine,us,Christopherborough,5,6
between,free,Thomasstad,3,9
be,among,North Richardshire,6,2
political,western,Gonzalezborough,9,8
song,out,New Benjaminberg,7,6
drive,color,Elizabethhaven,5,4
difficult,nature,Lewisfurt,6,3
less,threat,Kellyland,3,6
alone,continue,East Natasha,3,1
window,suffer,Hughesstad,5,3
security,player,Mendozashire,9,5
blood,cover,Hayesmouth,9,2
say,age,New Jonathanburgh,4,3
middle,writer,North Brandontown,1,7
so,generation,Stoneside,3,6
movement,region,Lake Sharon,5,9
international,study,Austinchester,2,3
wall,culture,Gordonview,2,8
gas,evidence,West Teresa,8,5
forward,war,New Felicia,3,4
safe,American,Chenview,7,1
sure,develop,Port Christopherton,4,8
million,along,Christinemouth,7,1
bar,worry,Marissaborough,3,2
red,particular,Navarroshire,9,9
design,rise,North Joshua,5,7
big,life,Port Amanda,3,8
better,including,East Charles,8,4
everyone,receive,Jameschester,2,5
himself,social,Lisaland,9,2
think,dark,North Johnland,5,4
marriage,between,Jillfort,5,8
probably,college,Lake Brianland,9,2
election,skin,Gregoryberg,7,5
seat,child,Port Kellyborough,8,2
general,sort,Sandrastad,4,6
business,share,Kimberlyton,7,9
national,short,New Sharonshire,1,6
read,other,Port Karenville,7,6
sit,again,Hoganfurt,2,4
increase,list,Alishastad,2,6
key,more,Murphyfort,4,3
road,science,North John,9,3
area,daughter,Brownshire,3,6
capital,west,Moranchester,7,3
provide,glass,Kerrfort,7,7
play,nice,West Kevin,3,9
really,citizen,West Amanda,6,4
ready,world,New Jamesville,3,3
herself,instead,South Laurenbury,9,3
record,since,West Casey,2,9
social,consumer,Brianfurt,6,6
lose,fear,New James,4,2
response,quality,Meganmouth,5,3
behavior,whatever,Port Danielberg,9,6
join,after,Dalestad,6,3
impact,knowledge,Kellyshire,6,9
mouth,determine,Brandonbury,1,1
manager,general,West Christopher,3,6
church,establish,East Pamelamouth,2,6
reveal,beautiful,Dickersontown,8,5
various,important,Jenniferchester,4,7
piece,return,Port Andrew,1,7
newspaper,although,Noahshire,9,3
store,grow,Walkerville,1,7
set,detail,South Katherineberg,7,2
feel,some,Heidifort,5,4
check,between,Lake Anthony,4,1
consumer,race,Frostton,9,2
leave,reduce,Lake Cynthia,8,2
plant,it,Lauraville,5,1
attention,safe,Beanfurt,6,8
major,head,North Benjamin,5,6
should,bar,Lake Sharon,2,5
actually,very,Kathleenbury,2,1
animal,item,Port Kevinfurt,6,3
tonight,deep,Levineville,3,5
whose,tax,Angelaville,3,4
beyond,bed,Michaelchester,3,9
pattern,success,Lake Davidbury,8,3
scientist,middle,North Michael,5,6
already,the,Lake Richard,1,9
structure,represent,Lake Luis,4,1
such,carry,Port Kyleport,5,2
morning,purpose,Juanfurt,6,7
color,wall,North Brianstad,1,5
power,assume,North Gabriellefurt,1,2
world,realize,Erinburgh,8,5
today,yeah,Angietown,2,8
lose,letter,West Michaelton,1,4
military,suddenly,West Shelley,9,5
price,letter,North Sethfurt,7,7
physical,answer,Donaldstad,3,1
while,necessary,South Taraport,7,2
strong,attention,Port Frank,4,6
entire,few,North Angela,1,4
far,ready,Lisaborough,3,1
create,listen,West Matthewchester,4,7
morning,spend,New Amyburgh,9,6
by,them,Jessicaborough,2,7
top,system,Port Alexander,5,6
business,require,Danielburgh,6,7
determine,others,Lake James,8,5
even,better,Port William,4,6
under,hair,Timothyton,9,4
parent,maintain,Port Michaelville,2,7
policy,interest,Jonesberg,9,1
use,heavy,Justinland,2,4
lot,effort,Berryside,5,7
artist,left,Phillipsfort,7,6
word,fine,Matthewburgh,8,7
know,fine,Kennethview,3,2
participant,service,Newmanshire,8,7
away,almost,Susanberg,6,6
summer,do,Smithmouth,3,8
seem,theory,Jimenezhaven,9,6
news,across,Port Ryanton,9,3
trip,professor,Port Heatherville,2,9
itself,always,West Adrian,8,2
require,name,West Jodymouth,5,3
citizen,serious,Mcdanielview,1,4
evidence,I,New Tonyaburgh,3,8
wind,set,New Juanview,2,9
just,them,Stevensonfort,9,3
card,interview,Cameronberg,1,8
kind,occur,New Jessica,8,6
well,inside,Port Pamelaland,2,6
friend,but,Loriside,9,4
senior,feel,Padillachester,9,2
left,ground,Ericchester,2,3
magazine,especially,Lake Shannon,2,2
Republican,history,South Carla,4,8
vote,building,Robertborough,2,2
because,material,New Dannyhaven,8,5
nice,themselves,North Stefanie,6,1
five,girl,Curtistown,9,6
thank,southern,East Davidfurt,1,6
try,field,Martinmouth,5,3
member,environment,Sheliashire,2,9
price,south,Sherylfort,1,7
policy,letter,Port Katie,2,4
too,image,New Michelle,5,5
institution,action,South Andrewmouth,9,3
hit,rise,Port Ryan,2,2
type,local,East Angelamouth,1,3
spring,finally,Blankenshipberg,6,2
course,ask,Lake Travismouth,7,5
strong,administration,Lake Jacob,7,6
benefit,edge,Maxwellbury,7,1
bit,different,Adriennechester,7,2
create,region,Paulfort,6,4
smile,end,West Richard,1,5
put,here,New Andrew,7,8
factor,single,Lindsayton,5,9
push,team,Port Michaelton,7,7
leader,message,Moralesshire,3,9
law,guess,Port Robert,7,7
area,none,Dianeville,8,4
do,model,Lake Davidland,3,5
end,computer,Blankenshipchester,9,8
consider,surface,East Ethanville,1,6
growth,south,East Ashley,8,4
environmental,his,Joshuaton,9,9
business,treat,South Robertberg,5,2
art,school,West Taylorstad,1,2
night,help,Amyton,1,9
while,their,Rhondafort,8,3
every,Mr,North Rita,7,3
beat,station,New James,5,1
full,PM,Amytown,4,6
hear,choice,Port Eugene,2,8
television,general,South Bryantown,8,5
focus,tax,West Rickeyhaven,7,7
media,choice,East Crystal,5,6
around,thousand,East John,5,6
five,wall,South Michelleton,6,7
show,measure,New Shirleyville,7,9
meeting,go,Richardmouth,1,3
more,drive,East Samantha,9,4
election,others,New Juliemouth,7,3
say,reality,Tracyfurt,7,1
might,focus,Blackside,8,6
ability,heart,North Gregory,4,8
wife,however,West Steven,7,9
including,staff,North Christopherfurt,1,3
politics,effect,Vaughnberg,2,5
hot,at,Jillianview,9,8
interest,glass,Heathermouth,3,6
employee,within,New Christy,9,6
together,understand,East Lauren,4,7
move,partner,Dixonhaven,7,5
nothing,if,East Frederickside,2,2
role,argue,Lake Bradley,8,2
realize,tonight,Hicksborough,7,4
most,image,Smithside,5,9
sea,community,Ashleyberg,6,4
whatever,oil,New Cynthia,2,8
key,doctor,Hernandezport,9,6
international,daughter,Tylerborough,8,3
dinner,situation,Sandrafort,4,9
detail,attention,West Andrew,3,8
before,student,North Shannonbury,8,8
place,idea,Courtneystad,4,5
person,wait,Julietown,8,6
she,bit,North Matthew,6,5
office,eye,West Stephanieberg,1,9
our,letter,Heatherbury,7,9
she,senior,Blackport,6,1
they,player,Lopezborough,7,9
indeed,describe,Port Sherri,9,2
different,suddenly,Lindaborough,5,5
language,against,East Louisfurt,1,3
exactly,long,Port Cynthia,4,4
more,may,Tommyfort,3,2
factor,air,Kennethport,9,8
moment,system,Stephanieshire,5,9
final,bed,North Joseph,5,3
world,eight,Kevinstad,9,3
animal,reality,South Adamfurt,5,1
ball,charge,East Sheri,1,9
land,effort,North Theresa,4,1
include,scene,Lanemouth,3,4
player,foreign,Port Jamesview,5,7
clear,social,Gatesstad,4,1
government,better,Johnport,9,3
save,smile,Raymondville,7,4
life,son,Foxfurt,7,4
official,especially,East Edwardtown,7,1
back,effort,Port Danielside,1,6
measure,point,Gonzalesport,6,9
us,former,Evanston,3,7
reduce,song,Blackmouth,6,1
another,benefit,Lake Benjaminmouth,8,8
store,teacher,Kenthaven,6,7
subject,already,Brandonborough,4,1
father,his,East Tracey,3,2
resource,our,Cheyennetown,5,3
leave,opportunity,Lake Tiffanyland,7,4
sound,leave,West Jeremy,1,7
war,animal,West Williamborough,7,1
PM,service,Janetmouth,8,2
yet,no,New Danielland,4,6
wrong,cause,Dianeborough,9,7
thank,need,Jenniferport,8,1
manage,gas,Lake Penny,9,4
baby,friend,Lake Elizabethmouth,5,8
here,radio,North Shannon,8,1
sport,discussion,Tarahaven,4,1
away,television,Bennetthaven,8,5
break,though,Melaniehaven,6,9
claim,attention,Stewartville,6,2
quite,lay,West Diane,7,5
various,media,Lake Davidland,8,3
character,research,Port Karlport,8,6
into,political,North Krystal,2,4
them,response,Thomasbury,9,9
mission,such,Ianside,9,7
enjoy,international,Sullivanside,7,1
positive,our,Ritterfort,9,5
chance,detail,New Rachelland,1,4
number,former,New Kimberly,5,3
at,tax,Mistyfort,5,5
view,stand,Mariabury,7,1
employee,economic,Lake Lawrenceton,5,4
whatever,stock,North Pennyhaven,6,1
firm,beat,Lauraberg,5,2
easy,left,South John,9,3
project,style,East Pamelaburgh,5,7
only,whether,Jameschester,3,4
game,thus,North Cory,2,3
wide,morning,Hillland,6,8
like,research,Johnfort,2,2
government,ask,Murillofurt,7,2
glass,Democrat,New Williammouth,5,8
employee,marriage,Michaelville,2,9
hour,program,Lake Jasonberg,3,6
together,medical,Ortizland,9,2
cost,employee,Walkershire,7,5
front,recently,East Mario,7,5
after,lay,Port Jay,3,4
support,religious,Port Anitatown,4,1
financial,raise,West Tracyville,7,8
from,small,Baileyshire,4,7
difficult,voice,Jamesfurt,4,4
career,situation,South Emilyport,4,9
nation,blue,Anthonyland,8,3
box,share,East Sarah,2,3
have,draw,New Arielshire,3,9
we,certainly,Heatherport,4,5
purpose,against,East Russellland,9,5
learn,thought,New Gregoryburgh,6,2
three,resource,Harveyland,4,2
left,short,Paulshire,2,1
then,professional,West Paulstad,9,6
above,throw,Dwayneton,2,9
career,interesting,South Kellibury,1,7
language,writer,North Brenthaven,9,9
beautiful,body,South Lindsey,4,6
successful,night,Jenniferborough,3,6
care,market,Brianshire,8,7
save,thus,Pollardton,3,8
also,forget,Michaelside,1,5
of,we,Michaelborough,3,2
step,member,Diazton,7,3
free,magazine,Jamietown,2,1
front,plant,Lake Deniseside,6,8
old,draw,Karenmouth,6,9
best,firm,North Caleb,3,6
main,question,Kevinstad,2,7
among,voice,Smithchester,3,8
soon,suggest,West Timothyland,1,6
assume,eye,New David,6,1
seek,involve,West Georgechester,3,8
generation,beat,New Connie,3,1
ready,song,Seanburgh,5,1
green,prevent,Walshland,8,8
open,class,Port Alanberg,3,7
can,group,New Melissaberg,2,4
wife,create,Nortonberg,3,7
window,light,North Juan,4,2
force,other,North Robertland,5,1
where,lose,Grahamville,5,2
number,various,Dianastad,5,6
environment,various,Patriciaberg,5,8
talk,hit,Hancocktown,2,4
case,base,West Reginaldstad,4,3
fill,change,East Alicia,1,1
argue,white,Thompsonbury,6,6
consumer,those,South Heather,1,4
data,name,Julietown,7,3
station,she,Lisachester,9,9
recently,the,Juliahaven,9,1
fill,daughter,Lake Michael,8,6
buy,agreement,South Anthonyhaven,7,9
decade,amount,Loveburgh,7,6
task,local,North Mallory,2,6
final,teacher,Derekside,7,9
still,attack,West Philipton,5,7
real,born,Shannontown,3,1
anything,a,Maldonadoberg,7,5
gas,start,Fuentesfurt,1,8
themselves,product,North Sylvia,4,3
color,more,Fosterfurt,1,1
state,continue,Figueroafort,5,5
financial,star,Lopezbury,8,7
PM,ground,Sheilachester,3,8
information,bill,Paynetown,2,7
during,huge,Port John,3,3
shake,friend,South Stephanie,6,9
home,eye,Lake Kevinmouth,1,4
individual,turn,Watsontown,6,5
anyone,question,Hubbardshire,2,1
down,money,South Jennifer,3,3
protect,power,Port Robertbury,8,9
local,cold,Alexport,2,4
discover,fire,North Kristenburgh,4,6
eye,religious,Thomaston,3,1
individual,game,Adamport,4,6
positive,man,Smithstad,5,1
local,song,Lake Lisastad,4,2
purpose,floor,New Todd,8,7
lay,within,Danielmouth,7,9
south,arrive,Kevinside,5,2
stock,available,Clarkefort,3,2
team,listen,West Susanshire,6,2
state,bed,New Sarahview,5,7
state,style,Port Christopher,4,9
the,poor,Shafferstad,6,7
minute,great,Flowersberg,5,7
player,visit,Coxstad,6,3
pressure,result,Erinmouth,7,7
culture,so,East Eric,5,6
medical,many,Joshuamouth,5,2
face,time,Port Johnton,4,8
quality,throughout,Chaveztown,3,1
professional,from,South Tiffany,5,5
stand,pretty,Amystad,5,8
reason,someone,Port Katherineshire,7,5
show,think,Nelsonfort,7,1
off,stage,Mauricefurt,2,7
three,place,Romerofurt,7,7
process,them,Kirktown,2,2
up,skill,Markfurt,3,8
anything,situation,Lake Donaldmouth,4,5
fly,Democrat,Lake Ashley,5,4
at,watch,Nicolebury,8,6
sing,buy,East Gregoryburgh,6,9
inside,computer,West Matthew,3,3
recently,simply,Nunezton,6,9
occur,just,South Nicholasfort,1,4
above,carry,Port Kenneth,8,1
money,us,North Robert,3,4
good,similar,North Richardfort,9,3
room,change,Anaborough,4,5
high,culture,Loweland,7,2
low,various,New Jefferyborough,3,5
fly,Republican,Lake Caitlin,2,1
exactly,often,Lake Eugenechester,2,8
which,environment,East Melanie,6,5
pass,picture,Port Robertton,5,9
choose,quite,Barrymouth,8,6
culture,race,Pamelaville,7,5
hit,skill,Port Timothybury,5,5
tax,message,Englishton,9,5
interview,now,Manningborough,7,3
because,white,New Kathrynport,8,5
than,or,Sanchezport,2,9
chance,dinner,Port Justinhaven,2,3
fly,final,Lake Elizabethshire,4,8
another,act,West Jenniferfurt,1,7
hear,actually,North David,4,2
long,instead,Brandonville,8,8
interesting,common,Lake Marie,8,9
risk,enjoy,Riveraside,6,9
go,act,Rickymouth,2,5
herself,behavior,West Sheila,9,5
security,today,Port Scotthaven,8,7
about,way,East Zacharyshire,5,4
official,reveal,Port Michaelfort,5,9
actually,end,Port Wayne,3,7
find,draw,South Margaretville,1,5
since,born,Robertport,2,7
particular,head,Kennedyburgh,4,9
help,me,South Lindaville,7,1
fish,this,Lindseystad,5,3
season,economic,East Robertland,3,2
this,two,West Jennifer,1,5
difficult,behavior,Torresview,4,6
than,need,Port Christopher,1,2
human,something,Barnesstad,5,7
sense,news,Bryanstad,5,3
as,involve,New Lisa,6,6
interview,finally,East Peter,8,9
role,suffer,Port Sandra,2,2
arm,me,Clementsburgh,3,6
realize,might,New Ricardofurt,8,1
present,third,South Jeffrey,1,4
tough,boy,Lynnshire,2,2
would,skin,Lake Cindy,7,5
well,per,New Ryanmouth,3,9
especially,stock,North Timothychester,3,5
respond,grow,Davisshire,7,9
sing,trouble,Myersland,1,3
discussion,little,Robersontown,4,3
purpose,beyond,Perkinsshire,2,6
write,often,Gallegosport,7,3
still,policy,Richardhaven,6,8
economic,series,North Heather,1,3
face,peace,South Reginahaven,6,2
old,check,Danaport,6,5
half,low,West Cynthiaberg,2,6
who,some,North Williamshire,3,7
message,country,Scottchester,4,3
heart,wear,South Heatherland,8,5
surface,well,West Robertview,9,6
fine,reason,Cooperland,9,4
he,safe,Tammyhaven,9,1
into,help,North Kathleenchester,5,5
popular,wonder,South Kristen,1,7
door,past,Welchland,5,7
wrong,drug,East Larry,8,4
prove,role,Patrickhaven,9,5
when,season,Lake Catherinestad,1,4
major,eat,Samuelburgh,6,7
weight,grow,East Benjaminside,7,6
raise,international,East Briana,6,8
word,computer,East Amandaview,2,2
stand,before,Scottmouth,4,6
car,leader,Jasonburgh,5,1
story,my,Hubbardmouth,8,5
ball,explain,Chaseview,5,3
manage,eye,South Stevenfurt,3,6
avoid,lead,Danaborough,3,3
stuff,eye,Lake Kathleenbury,4,6
without,feeling,Brownberg,3,2
knowledge,three,Chloechester,5,4
station,range,South Edwardborough,2,8
young,start,Elizabethstad,3,8
herself,determine,New Huntermouth,8,9
garden,study,Hubertown,9,3
share,hour,West Christinaburgh,9,7
if,represent,Ryanmouth,1,2
win,change,Bradleystad,9,8
card,indeed,Elizabethstad,3,9
necessary,view,Murphyburgh,1,7
court,everything,Cantrellside,1,9
news,actually,Roberthaven,2,2
whom,per,Espinozamouth,7,5
suddenly,him,Luisfurt,6,4
goal,customer,Port Adamton,6,3
far,however,Kimberlyton,6,3
machine,good,South Paulburgh,1,9
money,action,New Johnnyville,9,4
spring,how,Jasmineland,2,5
set,than,North Juanshire,1,5
itself,central,Juliefort,2,4
particularly,medical,South Anthony,2,3
third,movie,North Mark,5,6
central,edge,West Jamesmouth,2,6
sort,camera,Lake Thomas,7,6
answer,history,New Michaelland,6,1
indeed,green,Port Gregory,4,3
manage,budget,Reyesstad,8,5
act,cold,Melendezhaven,6,8
couple,notice,Bruceburgh,8,1
represent,week,Shannonton,8,8
make,people,Port Cynthia,6,5
if,center,Jenniferbury,1,5
among,seat,Johnsonstad,7,7
hundred,fast,Lake Alexisstad,8,7
guy,I,North Baileystad,4,1
recognize,who,Nicholashaven,9,7
many,say,Staceyburgh,6,2
year,join,Michaelview,4,4
control,kind,East Michelle,9,6
mother,red,Robertston,6,2
event,end,Port Samanthaburgh,7,1
remain,western,Joshuamouth,3,1
later,detail,Jessicaburgh,9,9
vote,responsibility,Lyonstown,3,7
especially,short,North Jeremy,1,2
sport,beyond,Elizabethtown,3,3
culture,whatever,West Jeremyside,4,3
her,vote,New Alexandra,3,5
manager,church,Lake Mary,4,8
thought,next,Mooreburgh,2,8
technology,smile,Dianemouth,5,1
garden,production,Cindyburgh,8,4
whom,air,West Christian,3,9
Mrs,move,Woodardville,2,1
appear,agency,New Troyton,5,1
consumer,a,East Barry,5,5
check,behind,North Robertport,4,1
section,sometimes,Meyerston,2,8
like,travel,Boylefurt,8,5
let,decision,West Austinville,6,4
own,happy,Leonport,8,1
miss,guess,Kylehaven,8,3
some,music,West Matthew,6,8
matter,water,Leblancburgh,4,3
employee,themselves,Lake Stevenmouth,8,1
material,research,Lake Christine,7,3
last,east,North Randy,3,7
executive,American,East Michaelport,1,8
do,middle,West Margaret,8,4
tree,last,Meganside,7,1
state,your,North Kelliton,3,2
production,lawyer,Barbaraberg,8,8
red,something,Danielmouth,5,1
where,trip,East Michael,5,3
career,sign,Lake Rhondahaven,9,6
base,when,Hannahborough,1,3
soldier,adult,Vanessaburgh,4,6
understand,member,Greenstad,1,3
son,marriage,South Christine,4,6
lose,place,Smithbury,1,1
shake,interview,Westland,8,8
under,sea,Gillespiebury,3,2
lot,property,Contrerasmouth,9,6
street,return,Lake Philliptown,4,6
early,our,Ronaldberg,5,5
morning,arm,East Kaylaport,1,5
lose,final,South Kimberly,6,6
road,likely,Lake Lauramouth,2,5
avoid,upon,West Donna,2,5
these,long,North David,3,2
such,task,Robinsonberg,7,4
maintain,fly,Wilsonport,9,1
pay,scene,North Joshua,7,5
cost,those,Port Jasonport,8,5
choose,school,West Jasonville,1,4
difference,Democrat,West Carlaton,7,6
myself,commercial,South Ashley,1,2
top,reach,Danieltown,5,2
Congress,culture,Anthonyton,8,5
manage,whether,Oconnorhaven,9,7
food,finally,North Jessicamouth,7,2
late,should,New Robertton,1,9
candidate,concern,Harrisonborough,2,8
city,education,Port Gregoryton,3,8
where,general,North Teresa,2,2
and,international,North Melissa,2,9
fill,half,North Jasmine,2,1
bar,trouble,Caseview,3,6
newspaper,production,Barajasburgh,1,3
tonight,art,Ericaborough,4,9
occur,upon,East Tommy,8,7
possible,science,North Teresa,3,5
degree,plant,Brewertown,2,9
point,mother,Lake Julie,6,6
minute,store,East Madison,6,9
clear,sit,Sandersville,8,7
country,each,West Jenniferview,1,5
item,young,New Sabrinamouth,2,8
contain,individual,South Johnside,6,9
factor,factor,Garciafurt,3,4
stuff,how,West Debbiefort,8,9
mother,write,Deborahland,6,5
house,beat,West Stacy,6,6
item,special,North Derek,5,4
pretty,technology,Jacksonshire,8,5
law,one,Paultown,3,2
research,wall,Juarezbury,6,2
trial,data,Mcbridemouth,9,6
fight,simply,Griffithhaven,1,1
population,particularly,Coreyton,5,3
only,successful,West Donnafurt,6,2
start,painting,New Kristinhaven,9,6
clearly,collection,Bennettburgh,3,4
item,onto,Lake Heidi,3,3
process,be,East Lindsay,3,8
morning,nature,Anthonyton,6,7
after,talk,Murraychester,3,8
fill,under,New Vanessa,4,7
husband,matter,Lake Whitneyside,3,9
share,in,Bryanhaven,6,5
board,time,Christinebury,1,1
reveal,really,Petersonville,3,7
note,shake,Alanmouth,9,3
civil,brother,Nicoleborough,5,7
available,ground,Maureenside,9,2
finally,tonight,New Chadfurt,1,8
act,care,Brownburgh,5,8
beyond,enjoy,Johnsonborough,8,6
write,even,North Cynthia,6,1
that,capital,Angelachester,7,8
method,team,Bridgetfort,7,1
play,even,West Melissa,3,7
market,but,Port Ann,9,2
school,specific,Port Wayne,7,4
operation,man,Gibsonfurt,6,5
American,conference,New Jack,8,1
above,think,West Jonathanborough,5,2
quickly,vote,Port Danielfurt,2,7
turn,third,North Steven,3,9
difference,behind,Lake Lisa,2,3
another,each,Smithport,4,1
yes,example,North Jenniferland,7,7
oil,key,Lake Nancy,8,3
development,ready,Heathermouth,7,3
sing,size,Millerfurt,6,3
face,national,Wilsonside,1,2
short,face,Jessicaberg,1,3
ball,control,Morafort,7,3
how,real,Lake Richard,2,6
present,involve,Isaiahberg,8,3
agent,will,New Lydia,3,8
option,staff,Baileyside,4,4
save,activity,Port Hannah,3,9
keep,out,Port Jodi,7,7
chair,accept,Josephchester,1,1
leg,scientist,North Brandonshire,1,7
laugh,list,Samanthastad,6,4
early,before,North Dwayne,1,6
already,end,Lake Donnahaven,7,9
suddenly,throughout,Port James,8,9
scene,turn,Rodriguezville,1,5
contain,economic,South Kellyport,6,7
spring,game,Lake Kayla,7,4
while,both,Port Brendan,1,9
game,range,Ramseyfort,5,7
discuss,work,Millertown,2,5
management,thank,North Kathrynside,7,2
seem,support,Ralphchester,5,3
pretty,test,New Marcusfort,7,7
senior,participant,Buckleyville,4,4
bring,help,Rayfort,7,7
may,civil,South Kathy,1,4
time,important,New Michelleview,8,7
traditional,director,North Michellestad,2,6
American,how,Russoshire,2,2
reality,we,East Marymouth,8,3
itself,picture,Anthonyfurt,4,3
quality,sport,Lake Samuel,4,9
operation,television,Masonborough,9,6
impact,away,Dorseyport,5,2
week,process,North Roberthaven,2,6
right,allow,Lake Tabithatown,7,7
must,identify,Tinafort,6,2
black,human,Morganville,1,5
different,property,Port Vanessaberg,4,7
feeling,baby,Andreaborough,2,9
bank,break,West Michael,7,2
newspaper,management,Ginahaven,2,4
participant,suggest,New Deborah,1,9
visit,contain,Saramouth,6,5
indeed,free,West Stephanieburgh,2,9
carry,some,East Joshuahaven,2,6
or,participant,New Elizabeth,3,8
another,among,Williamsview,3,3
family,discussion,Mitchellborough,8,3
executive,structure,New Sarahbury,5,6
image,sure,South Bradley,5,3
any,enough,Juarezside,1,9
position,listen,Arthurmouth,3,8
final,back,Micheleshire,2,5
serious,consumer,Ginaborough,4,5
light,too,Lake Cynthia,5,9
land,serve,Dianaborough,4,7
several,clear,East Amberhaven,6,7
financial,return,Donnaton,5,7
win,stop,Hernandezborough,1,8
decision,life,Lake Calvinville,9,3
until,language,New Ronaldton,1,7
despite,defense,North John,2,3
one,well,Jenniferberg,2,7
into,factor,Zacharystad,9,1
sense,never,Tylerside,6,6
customer,give,North Richardstad,7,1
raise,experience,Prestonside,7,8
time,operation,West Alexanderfurt,2,4
lot,where,West Wyatt,9,6
without,store,Tylertown,8,4
result,career,Matthewburgh,4,5
save,anything,New Samanthashire,7,8
education,black,Sanchezburgh,3,9
wind,Mrs,South Dennis,6,5
night,whatever,Danielton,6,9
moment,economic,East Lonnie,1,9
note,inside,New Andre,5,8
certain,who,New Jason,5,8
yard,more,West Kimberly,5,7
over,clearly,Kirkburgh,2,5
resource,charge,Carrieville,6,4
election,plan,Weberland,7,8
lay,ten,Josephborough,9,3
report,science,East Lorraineport,9,7
north,it,Kevinland,2,6
four,relationship,Richardshire,6,4
cell,institution,Dillonburgh,8,9
within,lose,Jamesbury,4,5
court,fund,Lake Micheal,9,9
ever,great,Howellview,5,2
per,lay,Fisherchester,5,9
lay,forget,East Matthew,4,3
thousand,firm,Chungburgh,5,3
pick,hospital,Kimberlyborough,1,6
where,information,Wilsonview,7,3
according,age,West Davidport,7,7
current,agree,Morrisonborough,7,7
accept,cut,Port Samantha,1,2
ten,land,South James,4,4
five,last,Johnburgh,5,6
understand,measure,Lake Brett,6,7
author,wait,Taylortown,4,6
along,prepare,Parkerborough,8,6
agreement,trouble,Barrettview,1,5
city,crime,Mariaton,8,5
during,perform,Port Michaelside,8,9
tend,language,North Scottmouth,6,9
large,light,West Matthew,3,7
collection,beyond,Kruegerton,9,6
focus,mother,Williamchester,5,4
large,system,Nicoleborough,8,3
serious,per,West Mariahville,9,9
hot,professor,Allisonstad,8,8
time,cup,Patrickfort,3,9
reach,technology,Lake Tinahaven,2,2
hold,stock,Turnerfurt,3,1
buy,different,Hernandeztown,9,8
sense,such,Nathanielburgh,3,5
also,dark,Armstrongmouth,7,8
like,stage,South Alextown,7,7
in,soon,East Sarah,5,1
weight,often,Robertburgh,4,6
all,analysis,Duaneborough,3,1
history,sister,Hernandezfurt,5,3
step,step,New Seth,4,4
person,reality,New Kimview,1,2
manage,see,Huangfurt,5,7
all,explain,Taylorberg,4,1
war,be,Shannonshire,2,6
subject,arm,Bondview,5,7
father,eye,Manuelberg,6,2
music,almost,East Rodney,5,3
reduce,specific,Port Steven,6,9
those,energy,Riceberg,5,4
side,bank,Erikamouth,6,1
move,visit,North Brandyland,4,3
case,power,Port Richard,4,8
attention,through,North Rodneymouth,2,5
notice,result,Farrelltown,3,1
read,surface,Joeltown,1,9
them,nice,Lake Hectorton,7,9
everyone,they,South Justin,9,1
like,policy,Lake Matthew,7,3
practice,chair,North John,4,6
because,fear,Reyesport,9,4
before,amount,Lake Bonnie,1,2
above,listen,Seanland,1,5
technology,growth,New Linda,7,5
change,arm,East Christopher,4,6
face,wait,South Edwin,3,2
require,official,Scottview,3,7
single,line,Dylanmouth,9,8
home,professional,Hortonberg,8,7
history,necessary,East Brandonberg,4,5
from,figure,Port Keith,6,8
memory,out,Nicoleville,1,4
mind,point,Phillipshaven,6,5
development,both,South Hannah,4,5
natural,understand,South Erin,5,4
himself,must,South Debra,1,7
news,question,North Gregory,7,2
value,resource,Jonestown,5,3
nation,section,Jacksonshire,9,9
success,offer,Gillespiehaven,5,5
real,create,New Madisonport,2,8
song,produce,West Richardport,1,5
amount,kitchen,North Jason,7,5
table,what,North Misty,3,3
close,prevent,Port Donaldland,4,8
night,large,South Kathrynview,9,5
performance,record,Sarahport,1,4
modern,agree,New Jenny,8,5
wish,wear,Taylorbury,7,3
hot,card,New Henryberg,7,9
common,land,South Cynthiabury,7,1
choose,that,New Donnaville,6,5
drive,plan,Foleyshire,2,3
prepare,movement,Manningtown,8,6
hear,for,New Kimberly,5,4
process,may,Port Kaylaton,9,4
us,game,Katherinechester,7,4
send,produce,Lake Teresaview,6,8
short,chance,Elizabethview,1,5
use,even,Lamberg,1,7
officer,thus,Wardtown,8,6
threat,treatment,Bowenside,7,9
create,learn,Jayberg,4,1
forget,state,Port Codyside,9,6
number,teach,Bradleyshire,3,6
much,as,New Nicolestad,4,4
to,training,West Cassidymouth,7,6
my,dinner,Seantown,6,2
color,middle,Juliaside,7,5
nice,sing,East Jessica,7,9
how,page,Lake Carol,2,7
end,voice,New Justin,7,8
break,table,Port Jeffreychester,2,1
unit,whole,West Jeremyside,6,5
course,sister,South Williamside,8,3
old,everyone,Rodneyfurt,7,2
end,peace,Hopkinsburgh,9,1
floor,fly,New Christina,8,9
very,six,Curryburgh,1,5
picture,allow,Serranotown,4,3
kitchen,of,Port Kathyberg,1,3
mother,pass,Matthewfort,1,3
parent,pull,South Carolyn,7,9
collection,all,Craigshire,7,2
eight,sign,Port Brandonchester,3,6
better,through,East Monicaton,2,5
many,community,Port Danatown,3,2
down,summer,West Melissahaven,4,3
recently,talk,South Calebhaven,3,9
probably,animal,Davisstad,7,7
support,specific,Boyleview,2,8
citizen,environmental,East Rachael,3,8
source,dog,Elizabethfurt,1,5
indicate,pull,North Stevenmouth,3,6
become,fact,North Michaelfurt,1,6
role,American,Proctorburgh,2,3
state,discover,Tylerburgh,1,9
lawyer,yard,Lowemouth,5,5
material,TV,North Elizabeth,3,6
deep,matter,Graymouth,1,3
rule,loss,East Stevenborough,4,5
sense,set,Perezberg,5,4
spend,seem,Lake Richardtown,4,5
myself,on,Hollyshire,8,4
outside,better,Griffinhaven,9,3
serious,budget,Jonesbury,4,1
teach,relate,East Ericmouth,8,5
represent,represent,Lisabury,9,4
side,crime,Manuelshire,8,1
TV,determine,Lake Lisa,8,4
large,keep,Jasonchester,5,6
newspaper,and,West Bryanchester,7,2
wide,like,Paulland,5,3
certain,where,Sullivanton,5,1
health,section,Dickersonview,1,9
scientist,detail,Larryview,9,6
concern,specific,South Cherylville,4,8
short,about,Holmesland,1,2
fast,bed,New Ryanborough,9,1
section,clearly,Johnnychester,2,1
body,image,Allenton,2,6
officer,teach,East Samuel,1,6
head,politics,Johnsonton,1,6
important,indeed,North Leslieville,1,6
key,claim,Port Matthewberg,4,2
produce,can,Krystalshire,8,9
range,thought,New Michael,2,7
maintain,while,Lake Benjamin,7,8
not,stuff,Erictown,5,8
beat,main,Christineshire,8,8
right,moment,Port Bradleyside,8,9
perhaps,whatever,Lake Joshua,9,5
heavy,partner,Lake Wendy,3,7
test,skin,North Bradleyshire,9,4
onto,yet,Erinmouth,5,4
stand,my,East Jaredfurt,7,4
clear,allow,Cunninghamstad,7,3
experience,education,Dawnmouth,7,1
drive,behind,Jenniferport,4,7
little,authority,Sarahburgh,3,5
gun,realize,Riggsborough,9,7
less,successful,New Samuel,3,9
radio,though,Sanfordport,8,1
rock,hair,Hicksstad,7,3
role,particular,North Kathyside,2,2
member,sure,Lake Jill,8,6
high,war,Donaldstad,3,5
accept,price,Lake Meganberg,7,6
child,energy,Julieburgh,8,9
forget,exactly,Lake Jasonberg,7,2
close,church,Jeremytown,6,6
war,goal,West Sandra,4,8
early,keep,Ericastad,4,2
court,nearly,Muellerberg,3,5
range,available,Michelletown,8,2
usually,conference,Sarahchester,6,3
reflect,baby,Hectorshire,5,9
draw,peace,Port Kyle,4,5
fill,people,Melissaport,7,5
still,institution,North Roberta,5,7
yes,goal,Tuckerburgh,9,8
lot,than,Watkinsbury,9,1
market,allow,West Hannahville,7,9
body,production,Ortizmouth,2,6
unit,ball,West Dominiqueland,6,1
never,station,Lake Johnfort,5,6
success,thousand,Michaeltown,4,6
send,lot,Justinmouth,5,9
full,hour,New John,9,1
guess,investment,North Melissa,3,1
daughter,law,Vaughanport,4,8
still,issue,Mooreland,2,6
hope,minute,South Cindyland,2,7
certainly,rule,Larsonport,3,1
actually,show,Benjaminmouth,7,8
drop,little,Port Teresaborough,5,5
source,shake,Villafurt,6,5
everyone,key,East Roger,9,8
want,for,South Lisa,5,6
after,unit,New Sharonton,3,2
discuss,listen,Richardhaven,4,7
whatever,hear,Tranbury,3,1
hair,floor,Lake Dawn,4,3
hot,right,Port Nichole,2,8
less,appear,Vincentfort,5,2
piece,save,Lake Matthewmouth,9,5
everything,film,Stephenview,9,3
mother,say,Elizabethburgh,9,8
sea,control,Hernandezborough,2,3
fear,join,South Christopher,4,1
at,central,Mariafurt,3,5
special,structure,Port Amber,3,6
offer,actually,Port Anthonymouth,4,1
him,someone,North Donald,8,3
close,special,Paulaburgh,8,5
movie,break,Amandaville,3,9
edge,sing,Stephaniechester,9,6
before,technology,North Jeremy,6,3
government,operation,South Heather,3,2
like,station,Andrewville,6,7
marriage,rise,South Hollystad,1,9
tonight,manage,South Melissamouth,1,1
than,really,New Kathyshire,9,5
stuff,fill,Lesterstad,2,4
since,its,Daniellechester,7,8
interest,deal,Owenstad,2,6
owner,cover,Jonathanbury,8,2
people,big,East Leslieburgh,3,3
only,including,East Walter,7,9
coach,force,Lake Kathrynland,6,8
course,senior,Robinberg,4,2
require,since,East Calvin,6,8
worry,last,Port Nancy,6,5
but,option,Port Julie,4,4
born,certain,Brownmouth,3,6
finish,return,Evansbury,4,9
little,tonight,West James,2,5
event,especially,Denniston,5,7
material,by,West Elizabethfurt,6,8
available,region,West Vanessa,6,6
notice,social,Port Codymouth,2,2
his,hospital,Guerrachester,6,7
way,seat,Port Jermaineberg,4,4
last,although,Lake Davidview,6,5
perform,huge,North William,4,1
person,read,Lake Charleshaven,7,6
recognize,because,Reginastad,2,6
pretty,push,North Amandafurt,6,5
either,social,East Jeffreyburgh,6,2
issue,follow,East Taylor,2,8
better,high,Jamesport,2,5
behavior,agent,Lake Travisport,6,4
war,interview,East Samantha,1,6
way,require,New Brandiville,2,8
impact,time,Antonioland,7,8
cause,than,South Courtneybury,1,3
foreign,specific,New Timothy,8,1
son,strategy,South Jonathan,8,2
trial,summer,Matthewsport,8,9
their,drug,New Spencer,3,3
medical,listen,Lake Richard,7,6
care,fly,North Heatherfurt,4,4
writer,bed,South Gabrielfurt,7,8
ask,agency,West Meredithfurt,8,3
store,thus,New Elizabethburgh,9,5
executive,skin,Michaelview,8,5
raise,whose,Daisybury,8,7
technology,view,Doylechester,7,1
administration,tax,South Katelyn,7,4
house,baby,Port Sue,3,6
lawyer,red,Jamestown,6,6
fall,three,Derrickchester,7,7
clear,draw,New Deborah,8,2
several,quickly,Williamside,9,3
practice,own,Port Nicoleshire,9,6
eight,foreign,Christianbury,5,2
in,can,East Lisaport,9,9
per,main,North Austin,9,4
wall,cover,Rojastown,8,9
idea,age,Lake Brenda,5,5
check,woman,East Rachel,4,2
return,people,West Brianville,5,9
similar,half,East Jefferytown,6,4
through,ability,Lorettaberg,3,8
score,reality,Meltonton,5,4
support,life,Thompsonshire,9,2
discover,fear,Loveburgh,8,9
step,current,North Abigailhaven,9,6
gas,model,Colleenland,3,1
since,pattern,Greenview,8,4
yard,street,Christopherberg,5,2
husband,message,Jamieview,9,1
technology,of,Port Jesseberg,3,5
candidate,third,West Michael,5,6
old,Democrat,New Kelly,5,7
account,similar,Lake Julieville,4,7
forward,entire,Brittanyfort,1,9
onto,beyond,Thompsonburgh,3,6
every,century,Hayestown,1,4
culture,back,New Jamesside,8,8
sit,treat,Lake Christine,9,7
court,trade,West Howardmouth,6,1
religious,door,Cooleyport,3,3
two,fire,West Dakota,3,2
question,success,Port Lisaborough,1,4
environmental,beautiful,Lauramouth,5,5
almost,world,New Tracyfurt,6,1
bed,think,New Randy,6,7
final,plan,New Kathryn,2,2
various,seat,Burgessshire,1,1
trouble,realize,Lake Benjamin,9,8
increase,strategy,Brandyport,5,7
father,your,Annville,3,8
capital,day,Wallaceside,9,2
long,while,West Misty,7,4
western,race,Lake Maureenview,9,3
little,up,West Jimmybury,2,5
man,since,Lake Michael,5,1
evidence,bit,Lake Ronaldburgh,2,4
brother,fire,New Natalie,5,1
field,bill,Pierceton,4,6
kitchen,claim,Port Shannonview,8,6
force,go,South Brianastad,9,9
idea,democratic,Hernandezberg,1,1
head,notice,Lake Meganshire,8,4
today,news,Lake Laurietown,4,4
when,moment,Lindaview,3,6
consider,tell,South Kathleenberg,3,3
nation,actually,Scottfurt,1,2
worry,different,Austinchester,5,5
stop,trouble,Richardside,4,6
glass,subject,Moyerfurt,1,9
century,believe,Robinsonland,3,7
moment,free,Lake Jessicaside,8,6
forget,same,Tamaraport,4,7
this,age,Gonzalezmouth,3,7
simply,prevent,Popeville,2,5
art,reason,West Kaitlyn,4,9
guess,article,Popeville,7,2
brother,left,South Jeffery,4,1
story,by,Amandaburgh,2,7
cell,offer,Port Brian,9,8
little,during,Port Kristopher,5,2
laugh,all,Stanleyport,3,1
present,defense,Kaitlynfort,2,5
sign,thing,Vaughanstad,5,2
itself,social,South Sonya,9,8
some,two,Port Michael,5,6
court,recent,South Janet,7,6
feeling,it,Jessicabury,1,1
husband,any,Port Jennifer,4,3
evening,hear,Morrismouth,9,9
campaign,run,Martinezborough,2,5
wait,his,Michaelberg,1,8
decade,indicate,Port Micheleland,6,5
road,treatment,Gailtown,9,3
can,woman,South Johnland,4,7
end,organization,Lake Tylerport,5,3
organization,me,Port Tony,5,1
capital,she,Derrickport,2,6
southern,country,West Daniel,8,8
argue,coach,East Felicia,2,5
people,soon,Brettchester,7,2
piece,dark,Bellshire,9,9
job,response,Amyton,7,4
career,bring,Carolynport,1,3
better,both,Port Tonya,9,5
care,government,East Nicholaston,6,7
action,include,South Adamstad,3,2
must,or,Wongfort,2,1
growth,still,Port Paulberg,9,2
because,indicate,Stacymouth,7,9
consider,reveal,Jamesfort,7,5
evening,arm,Port Regina,6,1
peace,toward,Dianaland,2,7
stock,growth,East Patrickville,9,7
where,matter,West Sean,3,2
sometimes,check,Oliverfurt,2,5
Mrs,structure,South Staceymouth,8,9
tell,change,Donaldland,1,9
special,plan,Hernandezport,1,4
near,cut,Port Richard,5,8
tend,can,New Sharon,2,9
Congress,institution,Port Lauraside,6,4
surface,hit,New Jennifer,2,9
effort,issue,Lake Paulton,4,4
like,lot,Port Roy,8,3
statement,condition,Brendaborough,6,9
series,other,New Jessicaborough,3,9
threat,society,Robertsonmouth,8,9
type,how,New Lindaton,6,7
such,seem,South Michael,4,5
I,result,Longtown,4,4
heart,respond,South Amber,5,9
movie,manage,Garciaberg,2,7
pick,issue,Amandaberg,7,8
physical,reflect,West Christopher,9,5
our,hit,South Michael,3,3
field,continue,North Tammyberg,7,2
according,environment,Joneshaven,1,6
reason,buy,West Bryanmouth,9,5
pretty,bad,Chavezborough,4,8
raise,news,West Morgan,6,6
dark,study,Port Michaelside,8,7
others,arm,Amandaborough,8,2
because,arrive,Browningtown,9,1
stage,leg,Markborough,7,3
prevent,face,Aprilchester,1,8
service,home,East Timothy,2,7
case,certain,Trevorland,9,1
series,pattern,North Gabriel,9,6
campaign,a,Fuentesborough,8,9
large,finally,North Meganmouth,1,8
western,into,Port Ashley,4,7
key,foot,Port Bryce,1,5
pull,receive,Davisbury,3,2
president,level,Collinstown,1,7
say,what,Rodneyshire,6,8
simply,moment,West Mercedesmouth,9,5
any,life,Zacharymouth,6,8
policy,cell,Port Ryanhaven,3,7
hot,under,Watsonside,5,7
consumer,individual,Tracybury,9,4
lawyer,world,Matthewstad,4,6
natural,economy,Port Ronnieland,3,5
outside,series,Warrenville,8,6
modern,start,Jeremytown,7,4
apply,wear,Armstrongton,1,4
wonder,I,Josefort,4,7
mean,rest,Frankton,3,3
wonder,peace,Lake Austinport,4,2
rate,modern,Robertport,5,9
better,fear,Williamsonland,7,7
show,kind,Mathisstad,8,3
head,store,West Brianview,9,7
hand,measure,Suzanneburgh,6,2
past,mouth,Nathanfurt,3,5
bit,hope,Rosebury,2,1
movie,environmental,Odonnellmouth,3,8
dream,opportunity,Lake Monicaland,3,9
traditional,put,Sarahton,5,7
store,hotel,Samanthafurt,5,9
above,with,Allenfurt,7,2
marriage,ten,Guzmanport,1,9
Mrs,later,New Patrickland,1,8
attention,hit,Allenside,3,2
continue,role,North Chadburgh,8,2
result,oil,Johnmouth,9,5
low,hit,West Kevin,9,4
individual,people,West Austinview,8,7
front,data,Michaelmouth,6,9
throw,trade,New Michaelville,4,7
tree,help,North Kimstad,6,1
bill,worker,North James,2,5
best,easy,East Sherry,4,7
ask,want,Jamesville,9,5
create,one,North John,4,5
serve,stock,East Paul,2,3
soon,car,Riverastad,4,4
window,people,Shaffertown,5,6
cell,respond,Lewisland,4,6
risk,hot,North Terri,3,1
class,poor,Kimberlyborough,4,6
throw,rule,Montgomerychester,8,9
help,book,East Rachelchester,9,9
attack,natural,Dustinfort,7,7
scene,behind,Laurenport,3,4
success,million,Ramosberg,6,6
relationship,why,East Waynemouth,9,8
hard,finally,Mcclureberg,3,5
run,economy,North Claudiaborough,1,9
walk,provide,Danielbury,3,8
discussion,interview,West Gary,7,3
sister,somebody,Jonesside,8,3
fast,this,East Debra,5,3
most,environmental,Ronaldfurt,4,3
several,growth,North Barry,1,7
culture,than,Lake Matthew,7,4
scientist,over,Ruizfort,6,1
when,remain,New Laura,5,7
short,phone,Lake Bryanville,1,1
expect,but,Michellemouth,4,4
fish,culture,West Joshua,1,8
PM,those,Hopkinsport,8,2
true,grow,South Jennifer,7,7
open,cost,East Mikaylaburgh,5,1
guess,street,New Kari,5,2
day,small,South Angelaland,5,6
quite,suffer,Millerchester,1,1
serve,yeah,West Ericastad,2,4
central,blood,Livingstonbury,6,4
man,American,East Jesse,6,8
throw,audience,West Suzanneton,7,5
space,stuff,New Andrew,6,4
let,improve,North James,3,8
network,increase,South Daniel,5,3
ahead,movie,Reynoldsstad,1,5
study,than,Ryanberg,4,7
notice,such,Patriciafort,4,9
not,support,West Brandytown,7,4
often,toward,Port Michael,6,1
film,this,Port Natalieland,5,3
age,call,Brittanyshire,5,1
specific,president,Heatherborough,6,6
pattern,wear,New Stevenbury,9,6
again,mission,Mcgeemouth,5,9
bank,tonight,Port Kevinburgh,6,5
general,career,Port Kennethshire,8,2
walk,there,Port Anthonyfurt,7,2
really,cut,East Allisonmouth,1,6
there,evidence,Ryanchester,2,6
star,partner,New Denise,3,2
defense,anyone,Jenkinsburgh,5,7
staff,wind,North Terrichester,3,6
your,course,Lake Paul,7,2
chair,moment,Williamshire,1,8
never,myself,East Sara,7,7
television,like,Lake Michaelshire,9,7
floor,require,Michaelburgh,6,5
hope,example,South Jade,2,1
know,card,Scottshire,4,2
suddenly,car,Port Veronica,1,2
everything,item,Jordanbury,1,6
likely,dinner,Laurenshire,9,7
just,check,Brentside,4,1
most,apply,Jenniferbury,6,4
American,commercial,West Codyfurt,3,1
require,kitchen,Maryberg,3,6
his,option,Jeremyville,8,8
century,pay,New Andrewview,6,3
join,than,New Kristy,2,6
writer,travel,South Andrewfurt,8,7
law,control,Leblancmouth,6,1
nor,two,South Samantha,6,6
personal,provide,Perkinsmouth,6,6
response,boy,Simsview,9,3
ten,kind,Lake Shelby,3,2
term,now,Lake Charles,3,3
bill,might,Randyberg,2,9
scene,quickly,West Timothy,9,5
treatment,to,West Michaelchester,1,8
charge,decade,Kathrynborough,3,4
article,describe,Finleystad,6,1
difficult,ability,Sharptown,1,1
office,analysis,Connorview,8,1
know,brother,Heidibury,5,8
sing,someone,Parkerfurt,1,9
within,door,South Daniel,4,5
blue,party,Josephhaven,1,7
other,check,Millershire,9,9
alone,join,East Steventon,3,6
policy,prevent,Hollandside,7,6
yeah,our,New Zachary,7,5
plant,country,Brownbury,8,6
evidence,nor,Nicholasview,4,7
politics,money,Robertsberg,2,1
machine,piece,North Lucasmouth,1,4
fear,Mrs,Matthewville,4,1
imagine,fly,East Charles,8,1
mouth,police,Sanchezfort,6,9
article,same,Smithberg,2,2
culture,grow,South Patriciafurt,6,7
fill,deal,Nicoleport,6,6
whether,professor,Matthewborough,6,1
blood,happen,Wyattfurt,2,5
go,thought,Medinabury,8,3
spring,live,Christianchester,4,1
worker,room,Johnsonview,6,1
to,left,South Timothyville,4,3
remain,Mrs,Danielfort,7,7
today,effort,East Jonathanchester,7,6
act,Republican,Conradshire,1,8
gas,purpose,Hughesfurt,5,4
during,she,West Stevenberg,7,2
action,why,Huntborough,5,8
paper,but,East James,6,8
process,whose,West Kristymouth,1,9
near,movement,Port Lisa,6,1
husband,Republican,Lake Coleborough,9,5
fact,safe,Kennethland,1,5
action,impact,Samuelfort,3,2
rate,month,Courtneyside,9,3
son,lot,North Troy,4,6
listen,by,Pattersonborough,7,8
meet,series,Jaimeberg,3,3
happy,people,New Jasmine,4,9
least,education,North Brittany,1,3
nice,four,West Kelly,4,4
center,pass,Cooperfurt,6,7
federal,away,South Paul,4,6
billion,such,New Michelleport,4,3
into,travel,Robertshaven,3,8
impact,change,New Michael,1,8
moment,author,Port Daniel,2,6
how,those,Barberside,1,9
sell,for,West Michael,1,3
off,point,Alexanderborough,2,1
save,challenge,Amybury,9,6
worker,staff,Lisachester,6,5
rule,rich,Port Deniseburgh,9,8
also,more,West Anthony,8,1
third,behind,Sanchezborough,1,4
important,old,Lake Steven,4,8
within,toward,Waltonchester,6,6
business,know,New Kenneth,9,8
window,leg,Taraton,3,2
great,offer,Lake Amanda,9,2
here,senior,North Brandon,6,9
control,reality,East Jose,1,3
possible,sing,Guerreroborough,9,8
receive,part,South Andrew,7,6
bill,believe,Watsonland,9,3
third,feel,Ruizborough,9,9
good,war,Margarettown,3,8
economic,term,Stephanieport,2,7
statement,pretty,Lake Alexander,3,6
past,nothing,West David,9,6
form,way,Lyonsberg,6,4
learn,trip,Melissachester,8,6
letter,listen,Rojasport,1,7
laugh,eight,Corystad,2,9
change,wonder,New Timothy,4,6
white,fund,New Brittanyland,1,3
friend,the,Cookville,8,1
wish,wonder,Grahamstad,6,9
upon,buy,Youngshire,9,2
perform,executive,East Amy,2,4
off,training,Kathleenshire,5,6
brother,agreement,New Jacquelinefurt,6,1
would,walk,Amystad,7,3
international,agency,Brendanview,4,9
believe,provide,Ashleystad,6,2
discuss,understand,Ronaldmouth,8,9
significant,possible,Lindsayhaven,7,2
situation,boy,Lake Marystad,6,9
by,goal,East Christopherville,6,4
thank,they,North Judy,9,9
forget,eye,Lorimouth,9,3
bed,list,West Anna,3,9
out,star,Kristenbury,3,6
follow,majority,New Sophiaton,4,6
season,growth,Adkinsmouth,9,7
election,blood,Peggybury,4,9
shake,guess,Janetton,6,1
serve,alone,West Allison,8,1
where,responsibility,Martinton,8,9
Democrat,close,Kaitlynfort,3,9
six,soldier,East Thomas,6,7
pass,especially,Frederickview,5,2
than,material,South Jeffreyview,8,9
lawyer,identify,South Timothyton,1,4
career,create,Kristenside,4,7
food,raise,Thomasshire,6,6
bad,unit,North Matthew,6,1
doctor,everyone,Lake James,4,3
factor,me,Lake Aliciastad,4,2
stand,never,Lake Jennifer,1,1
yourself,old,Jacobsmouth,8,9
program,you,Gregoryhaven,6,9
all,way,West Keithville,1,4
school,own,Sandrashire,2,8
movement,notice,South Kevin,9,8
understand,process,East Karen,8,2
sound,deep,Pearsonhaven,5,3
business,guess,West Christina,6,8
else,foreign,Suzanneburgh,1,9
effect,cover,Jonesborough,4,9
individual,Republican,East Tracy,3,8
speak,low,Juliafurt,7,2
car,candidate,Brownville,7,1
reflect,word,South Graceborough,8,8
later,determine,Barrettfort,6,2
support,what,Josephbury,4,2
commercial,point,Hawkinsbury,8,1
explain,relate,East Timothy,8,2
age,ok,Michaelshire,6,9
century,interview,East Kimberly,7,2
itself,increase,Tiffanytown,5,6
successful,ability,New Erinborough,6,9
fish,process,Murraymouth,3,1
keep,dinner,West Tylerhaven,1,3
wear,sense,Garystad,9,7
give,against,Kristinbury,4,2
local,and,Hortonport,1,8
hair,public,Port Debbiebury,1,6
support,line,Alvaradoport,3,2
action,explain,East Barbaraside,9,7
administration,build,North Abigail,5,2
special,author,East Judyburgh,8,4
statement,keep,Lake Brenda,8,6
manage,number,Port Joeltown,7,3
he,deal,Mariastad,6,5
specific,put,Loriland,4,2
continue,team,Sweeneyland,6,7
coach,explain,Jensenmouth,3,2
reach,instead,Whiteburgh,2,4
person,theory,Lindseyberg,1,6
head,computer,Tammymouth,4,8
staff,police,Kyleshire,7,3
bar,current,Port Randy,7,7
work,event,Ryanside,7,2
form,expect,East Annafort,9,8
foot,service,North Diamond,4,8
part,more,Jordanside,8,3
message,firm,Sherryburgh,4,6
cause,goal,Port Coltontown,2,5
environment,good,New Sophiatown,1,5
daughter,sometimes,New Taylor,9,9
score,indicate,Lake Kristinborough,5,7
return,seat,Johnsonmouth,3,9
light,pay,New Kevin,2,9
could,why,Victoriabury,3,6
beat,environmental,Waltersborough,3,3
worry,power,Lake Joshua,7,7
without,figure,Kimberlyshire,2,1
people,plan,Kelseytown,3,5
step,popular,New Allison,5,5
sound,society,East Robert,4,3
camera,can,Stevenmouth,4,8
way,system,Moralesfort,5,4
house,go,Mollystad,6,9
successful,but,North David,1,3
last,animal,Lake Deborah,8,9
but,professor,Edwardston,9,3
college,production,New Davidland,7,1
former,measure,East Danielle,3,7
carry,guess,Port Brandy,8,1
security,say,East Michaelside,2,6
should,world,Kingburgh,4,4
treat,tree,Lake Bryan,9,7
teacher,political,East Bethhaven,8,1
writer,base,North Sharon,5,3
short,benefit,Stewartfort,4,3
marriage,way,Vasquezchester,8,3
fine,theory,Samanthabury,7,8
final,health,Delgadofurt,3,9
really,gun,Johnport,1,9
former,specific,East Adamberg,3,6
perhaps,become,Dorothyberg,1,1
authority,although,New Lisaport,7,2
available,address,North Michael,2,6
couple,break,East Richard,8,1
you,occur,Lake Blake,5,4
service,our,East Matthewborough,5,6
late,stay,Turnerland,1,9
that,remain,Lake Rachelhaven,4,8
dream,statement,Duranville,4,2
nature,threat,Brennanton,8,4
them,high,West Meganberg,4,5
some,between,Richardview,8,4
brother,again,Davidside,2,6
life,would,South Nicole,5,6
whom,possible,South Williamton,8,4
church,make,Moorestad,2,8
trade,gun,East Saramouth,9,8
long,popular,Johnnyhaven,3,5
Mrs,develop,Chavezfurt,7,5
difference,avoid,Bradleyton,1,1
off,low,Michaelport,3,8
study,coach,Heatherview,5,8
concern,occur,Greenview,5,1
Democrat,sound,Lake Katherinestad,5,1
later,describe,Dawsonbury,7,5
hundred,nature,Smithmouth,7,8
dog,perhaps,Theresaberg,4,5
tree,million,Chelseaville,2,4
number,example,Lake Matthew,9,9
its,end,Odomport,4,6
Democrat,long,Dennisport,4,8
shoulder,recent,South Christina,6,7
might,fish,Mccormickmouth,1,4
world,size,Sylviaview,8,5
kitchen,hit,South Andrewfort,1,4
so,care,Davidtown,9,1
must,simple,North Micheleside,9,8
near,line,Lake Kerri,7,8
recently,whatever,North Nicole,9,8
thus,indeed,Lake Benjamin,7,8
yes,phone,West Kennethberg,4,1
on,evening,Andersonmouth,2,2
international,others,Nathanfurt,1,4
so,green,Lake Amyfurt,9,6
structure,at,Michaelfort,5,4
TV,all,North Amberburgh,1,3
bank,team,Lindsayfurt,8,8
system,tonight,Port Melaniefurt,4,4
else,respond,South Timothyshire,8,5
operation,season,Aaronport,7,9
within,soldier,Thompsonview,5,7
Democrat,back,Lake Jessicafort,2,8
discover,like,Russellchester,6,1
money,particular,Lake Vicki,4,6
win,hair,Dylanmouth,5,7
fast,student,Port Joseph,6,3
both,entire,East Jasonshire,8,5
attack,air,Matthewborough,7,8
town,man,Reginaland,4,3
sea,rest,South Jerry,3,8
available,admit,Marktown,5,2
decade,above,East Ronald,3,9
five,fear,Port Tracy,4,7
seat,daughter,East William,3,8
teacher,politics,Port Nicole,6,5
dark,visit,Donaldville,5,5
specific,theory,Walkerport,7,9
police,work,North Yolanda,6,3
computer,film,Baileyport,2,6
table,later,South Brenda,2,4
support,ground,New Scott,1,1
against,collection,South Royville,7,1
build,say,Jonesland,2,5
politics,commercial,Riggsport,1,1
theory,table,Colleentown,9,1
bed,bank,Port Michaelbury,3,3
history,exactly,Port Anthony,5,6
him,will,East Timothyton,8,5
go,low,Lake Victoria,2,4
product,really,Lake Richardborough,1,8
task,morning,Blackburgh,4,6
task,debate,East Jenniferton,1,8
for,new,New Rachael,9,1
conference,clearly,East Thomas,9,6
manager,road,Port Matthew,6,3
charge,idea,Keithberg,5,5
television,place,Port Joannaland,4,8
large,sport,Lake Thomasview,2,1
home,thank,Diazstad,4,3
its,section,West Eric,1,4
week,piece,West Ashleymouth,1,8
system,recently,Hernandezville,7,9
money,treat,East Benjaminfurt,3,1
apply,police,Johnmouth,5,9
choice,story,Smithton,8,6
music,less,Richardbury,9,3
window,campaign,West Kellyview,2,2
production,choose,Timothystad,6,2
give,tonight,Port Megan,5,5
treatment,network,New Laurenburgh,4,9
then,guy,East Robinbury,3,8
college,laugh,Tannerburgh,8,9
player,bring,Tateberg,6,4
TV,scientist,Roachbury,1,8
its,past,West Carlchester,7,2
will,source,Caseybury,1,7
we,increase,Austinstad,3,1
shake,hold,North Randall,1,4
forget,seat,North Nancy,1,7
affect,either,Davidborough,3,1
take,little,Port Leslie,2,3
happen,collection,Port Katrinaborough,2,3
two,happen,East William,7,6
actually,development,New Isabellachester,4,3
growth,answer,South Sharonview,9,4
fine,after,East Joshuachester,3,2
education,adult,Arnoldbury,9,5
between,very,Lake Robert,9,2
these,share,Christopherfurt,5,3
center,position,West Kyleberg,6,9
doctor,hope,North Zachary,3,4
fight,finish,East Michael,7,3
material,despite,East Bradport,7,9
feeling,actually,Cooperchester,5,8
treat,product,Port Savannah,1,3
trial,believe,West Kevin,2,6
issue,suggest,Michaeltown,2,3
hold,foreign,Lake Paige,2,6
source,between,Bookermouth,5,8
big,long,Deanport,8,3
get,finally,Jefferytown,4,7
answer,green,Lisachester,9,8
should,forward,North Todd,3,2
order,role,Charlestown,3,4
nice,carry,Williamsshire,5,5
me,college,West Ashley,5,1
nature,create,Port Jenniferstad,3,2
professor,simple,Port Larryhaven,7,2
least,note,New Sheena,8,7
challenge,song,North Oliviachester,8,7
approach,Congress,Peggyborough,4,5
artist,inside,Mckinneyfort,1,1
food,ok,East Rebecca,1,5
stuff,whom,Lake Sonya,4,5
most,result,New Joannmouth,2,5
piece,director,Danielton,9,1
ball,statement,East Stacey,6,8
just,some,Mezaville,2,5
open,management,New Amy,5,7
rich,exist,Erikville,1,3
during,while,Jeffreytown,3,2
week,difficult,North Darin,2,3
operation,property,Port Jamesmouth,8,5
opportunity,their,East Kyle,8,5
garden,dark,East Tyler,6,2
record,Republican,Ashleyburgh,6,9
pressure,ground,New Lisaland,1,8
all,cost,West Steven,9,4
investment,environmental,Buchananton,5,9
top,want,Carolfurt,8,6
red,prove,New Adam,5,3
attack,effect,South Monica,3,7
hundred,half,New Lisaport,1,5
including,social,Hillchester,4,2
number,become,Albertstad,8,8
trouble,thing,Amandafurt,1,9
himself,choice,East Amyhaven,3,1
political,could,Taylorborough,8,7
central,idea,Christinaberg,9,2
ball,rock,Jillland,8,3
eat,expect,Ericshire,7,9
enjoy,ground,West Rachel,3,4
resource,actually,Jonesview,1,9
similar,level,Leeview,4,6
design,nation,Johnfurt,2,1
hospital,site,Dennisbury,8,9
life,poor,West Johnborough,6,1
where,value,Lake Joseph,3,9
simply,family,South Lisa,9,2
collection,draw,Kellyshire,5,2
weight,gas,Lake Lynn,3,3
read,employee,Paulstad,5,6
second,their,Lake Robert,9,1
crime,there,Lindsayshire,4,1
picture,star,Glasshaven,9,5
see,parent,Jamesfurt,6,6
next,ball,Steventown,1,2
present,fish,Shaneport,6,7
laugh,easy,Murphyfort,1,8
baby,example,New Latoya,2,1
life,this,Lake Michaelchester,9,5
space,same,Davidchester,2,2
society,together,North Diana,4,8
everyone,either,Thompsonland,2,7
song,speech,Williamsmouth,7,4
involve,simply,South Christine,4,7
music,just,Nunezview,7,1
require,beat,Lake Katie,4,3
discover,election,New Robertshire,6,8
he,black,Vernonland,2,8
many,sport,Michaelhaven,6,1
consumer,already,Kristinemouth,5,3
authority,usually,East Jessica,2,2
away,little,Bethanychester,3,8
face,family,Clarkside,1,5
behavior,capital,Dylanberg,3,3
thing,choose,Boydfurt,2,8
clear,who,East Jennifershire,5,7
window,impact,Lake Andres,1,4
dream,Republican,West Jasonside,3,7
anyone,eat,North Michelle,2,9
art,force,South Patricia,1,7
use,seem,East Kristinborough,2,1
little,charge,East Robert,1,6
heart,campaign,Joseshire,2,6
science,difference,Josephhaven,4,3
kind,three,Baldwinmouth,6,6
case,stock,South Diana,5,8
room,morning,Jessicamouth,9,3
social,water,Carolhaven,8,7
star,day,Christinashire,9,9
until,improve,North Kimland,9,9
itself,area,Matthewstad,1,4
by,dinner,North Brenda,9,6
event,door,Samanthaburgh,2,1
region,decade,East Michael,1,1
discover,window,Lake Michelle,9,1
beyond,husband,Laurahaven,7,4
fact,important,Lake Jamesmouth,3,9
long,politics,West Courtney,7,4
boy,court,Lake Lorifort,5,8
support,major,Robinsonview,6,9
can,interview,Garciastad,6,2
seem,mind,West Michellefort,9,9
bed,team,Brooksmouth,8,8
morning,situation,New Adamside,6,7
always,around,Durhamburgh,9,5
word,professor,Benjaminview,5,1
but,accept,East Wayneland,6,7
side,traditional,South Brentborough,1,3
knowledge,behind,North Robert,9,9
consumer,note,Port Heatherbury,3,5
down,suggest,Nicholasmouth,1,3
art,memory,Christopherton,9,9
same,bad,Donaldshire,1,8
theory,sure,East Nicole,2,7
cup,data,Ashleystad,6,6
according,hope,New Jessicabury,6,5
option,rich,Schwartzborough,2,3
position,every,New Taylortown,3,5
change,improve,North Johnnychester,3,6
program,board,Jacquelinechester,9,9
serve,fine,West Brandonland,3,2
see,newspaper,Brianaburgh,8,3
she,while,Port Katherine,6,7
social,magazine,South Cherylville,2,1
wish,thus,Port Jennifermouth,7,3
perform,response,Daviestown,4,2
trial,dinner,New Rebecca,8,3
executive,moment,East Adrianmouth,9,7
trial,around,Jonesmouth,6,1
quite,early,New Heatherfort,1,2
next,open,North Garyberg,6,5
wide,help,East Ryan,6,4
company,model,Hunterland,3,4
threat,night,Port Andrewview,9,4
partner,last,East Michaelshire,4,1
huge,need,Danielsville,3,3
whole,quickly,Granttown,2,5
learn,property,North Pamelatown,5,6
happen,determine,Josephport,1,3
wait,address,Haleton,6,9
lay,kind,West James,3,6
weight,shake,Wolfeton,7,2
decide,future,West Alex,8,9
step,rock,New Matthewville,4,6
sea,leg,South Jessica,8,1
service,know,South Erin,6,8
start,employee,Andersonchester,1,2
any,see,Debbiemouth,6,2
catch,in,Martinezhaven,3,9
fire,whom,Riceburgh,9,3
good,onto,Lake Sheryl,9,5
organization,natural,North Jennifertown,5,8
across,another,South Stephenfort,4,6
many,her,Kruegerfurt,8,2
message,my,East Ryan,1,1
age,should,West Tony,2,3
stage,mention,Meganport,9,4
throughout,score,Lake Donald,4,6
head,list,Harrisfurt,1,5
system,positive,Michelleborough,5,6
system,section,South Jennifer,8,2
compare,throw,Laurafurt,5,3
no,order,Nealbury,9,3
citizen,realize,Nicolemouth,5,2
entire,total,East Mary,4,8
everybody,service,New Amyside,8,6
story,lawyer,Kellymouth,5,1
compare,evening,South Annette,8,8
into,cover,Port Michaelmouth,4,4
out,form,Ramirezmouth,1,7
base,next,West Aprilhaven,9,7
send,discuss,Cameronmouth,3,3
friend,ago,Jillianshire,7,6
decision,toward,Cynthiashire,5,5
thus,large,Heathport,2,6
these,computer,Port Amanda,4,6
approach,challenge,South Joelview,7,6
first,include,South Todd,6,6
close,professor,Jonesmouth,9,6
could,road,Brownchester,7,3
provide,film,Scottville,4,9
stock,write,Lake Melindaton,3,2
so,address,Jacobborough,1,3
language,live,Susanland,8,2
card,fill,North Noah,1,9
for,magazine,South Troybury,4,9
music,attention,Montgomeryfurt,6,6
agreement,peace,Port Scott,7,7
show,evidence,West Michael,7,8
although,own,Brandonville,9,3
age,whatever,East Theresa,3,4
rest,bar,Port Jamesberg,3,7
middle,around,Port Patrickstad,2,9
difference,man,Youngtown,7,8
try,international,Port Zachary,8,5
soon,interest,West Troy,7,6
seat,avoid,Williamsstad,6,6
human,among,South Biancachester,7,4
can,method,New Timothyview,2,4
law,just,Jimmyton,2,4
enough,prevent,West Sean,3,6
build,already,Port Tiffanytown,6,5
could,behavior,West Anthonystad,3,4
painting,court,East Brandon,5,9
production,production,South Katie,9,3
three,provide,Robertsville,9,9
keep,information,Richardsonmouth,9,2
forget,concern,New Charlesmouth,7,9
leader,it,Petersenbury,1,3
American,hospital,Kathyton,4,2
board,yeah,Kevinshire,9,1
receive,kitchen,Marshallhaven,9,9
term,red,North Stephanieborough,8,7
out,sister,Lake Alyssa,2,3
serve,list,Wallaceshire,5,5
anyone,life,Bradyberg,1,1
former,radio,Melaniestad,6,6
contain,in,Lake Diane,3,8
cup,magazine,Aaronborough,1,3
could,minute,North Evan,1,1
old,manager,North Bryan,8,3
management,third,East Nathanfort,6,4
staff,thus,New Deborahfort,1,6
number,behind,Henrymouth,3,7
simply,now,Lake Jameston,5,5
listen,kid,Esparzaville,7,1
debate,it,Villegasland,2,8
just,magazine,Sandrafurt,5,7
report,second,North Jason,2,2
pick,record,Rodgerschester,2,5
nice,dark,East Jeremyburgh,9,7
score,billion,East Amyside,6,9
role,keep,New Stephanie,2,2
generation,help,North Lynnmouth,5,1
imagine,long,Christineton,6,9
true,than,New Michael,1,8
investment,hope,South Debra,3,6
affect,itself,Wendychester,9,6
upon,good,Katherineberg,1,8
blood,official,North Waynefurt,4,2
number,bit,Keithland,2,5
what,condition,Allenchester,1,2
Congress,station,Kathymouth,2,8
upon,open,South Nicholas,5,5
end,notice,Sarahfort,1,3
young,participant,Jonesborough,2,8
model,room,East Sheila,9,8
network,set,Campbellport,7,6
bag,whether,South Alexandermouth,7,5
capital,standard,Port Larry,8,6
politics,value,Amberview,5,2
level,after,Sarahtown,1,1
increase,property,Kellytown,9,4
animal,prevent,Crosston,1,6
happy,pass,South Erinborough,7,2
PM,save,Nancyland,4,6
design,sense,Wellstown,8,9
organization,behind,Rachelville,4,5
hit,prepare,Kathleenview,7,1
poor,song,New Adrienne,2,1
region,those,Kingburgh,3,4
although,road,Jenniferton,8,9
image,rule,Yvonneport,9,4
spring,green,Lopezfurt,9,4
skin,do,Fischerburgh,4,8
hold,mean,Jeffreyborough,7,4
blood,main,East Sandy,4,9
for,old,Port Jamesland,8,2
list,term,Donnahaven,1,5
decide,whose,Amberburgh,5,5
prove,should,Davidton,8,7
win,ok,Port Melvin,8,3
friend,city,Lake Cassandrafurt,1,9
receive,should,Ericmouth,7,4
indeed,first,East Annmouth,7,8
laugh,store,Bookerview,3,6
two,data,Lyonsmouth,4,7
six,kitchen,Lake Timothyton,5,6
term,shake,Port Danachester,5,6
itself,young,Kennethmouth,5,8
true,value,West Kimberlyview,3,8
walk,actually,Port Brian,6,7
term,rich,Robinshire,7,8
drug,argue,North Jessicatown,6,9
never,consumer,Garciaton,6,9
population,marriage,West Jessica,3,2
sister,test,Burnsstad,2,8
success,environment,North Deborah,7,5
if,eye,Kimberlyborough,6,7
generation,model,Angelafort,5,9
learn,draw,Jamesshire,9,2
party,defense,East Jessicamouth,5,5
instead,attention,Port Erik,5,3
throw,resource,Port Roberto,2,2
at,full,Dodsonchester,9,9
his,if,South Rodneybury,4,5
what,someone,Lake Jacob,1,6
he,necessary,West Eric,6,9
source,first,Romanhaven,7,8
media,sense,South Samanthaside,7,1
mind,new,South Richardborough,2,3
example,center,Butlermouth,6,2
likely,law,Christopherview,9,1
join,campaign,East Tiffany,6,5
if,woman,Huntermouth,5,2
important,dog,Jennifertown,4,6
trouble,include,Port David,5,1
special,both,West Julia,6,8
response,purpose,South Teresa,3,4
down,south,Paulhaven,7,4
computer,great,East Lisahaven,2,5
policy,establish,Mooreshire,3,2
than,interview,East Dennistown,5,3
trip,sign,Katrinaside,7,7
remember,star,North Mollyburgh,6,7
hear,quality,Lake Lance,7,5
citizen,picture,Lopezbury,5,3
natural,out,Martinchester,9,4
season,while,East Christopherbury,9,1
manage,another,New Chelsea,1,2
color,minute,North Andreaburgh,5,2
certainly,something,Garciatown,2,2
rule,eight,Martinport,2,4
probably,reduce,South Terrybury,1,8
support,or,New Michelleside,7,9
data,develop,Gordonchester,7,6
others,company,West Christinaville,9,3
amount,enjoy,Chadview,9,4
hear,board,North Gregoryside,5,4
none,foot,Greenetown,7,1
choose,help,New Christopherborough,8,5
government,church,Kristinborough,9,8
card,Democrat,North Anthony,8,3
let,Mrs,Mccartyport,4,6
heavy,direction,Julietown,5,8
hand,truth,Knoxport,5,9
when,movie,Port Taylormouth,8,2
rule,marriage,North Heatherchester,1,8
hair,understand,Stephenborough,8,3
old,entire,Lake Denise,4,7
miss,development,North Morgan,4,1
down,from,Adamsmouth,6,2
his,statement,Lake Collin,1,3
international,weight,East Edward,7,8
indicate,especially,Port Matthew,6,8
deep,ready,Smithstad,8,8
send,international,Barbarafurt,6,7
chance,several,South Adam,5,9
think,still,Destinyborough,5,1
time,reduce,Brownview,8,9
industry,think,North Mackenzie,8,1
even,conference,Clementshaven,1,9
society,down,East Pamela,4,1
threat,be,Meyersland,9,7
decade,material,East Nicholas,3,8
building,participant,East Jenniferburgh,7,8
car,strategy,Cisnerosside,1,8
increase,cost,Lake Donnaland,5,9
expert,federal,Leeville,7,5
number,enter,Lake Elizabethburgh,7,2
college,peace,South Toddburgh,6,9
key,own,Kristieville,2,9
stuff,though,North Cynthia,7,1
near,decade,East Paul,2,4
health,wrong,Lake Matthew,3,5
begin,good,West Samanthaside,7,6
around,explain,Carolstad,8,2
toward,nation,Millerborough,9,3
suggest,human,Davidhaven,2,1
lawyer,throw,West Hannahburgh,1,1
anything,hit,Mooremouth,6,3
manager,involve,Alicialand,5,3
story,on,Kendraberg,7,7
cause,team,Colemanbury,2,9
situation,exactly,Colinport,5,7
mind,many,West Alex,4,7
movement,site,Cynthiamouth,8,9
view,create,New Jacob,9,7
education,stage,Evanston,1,5
central,however,New David,7,3
say,mouth,East Julietown,1,4
chair,focus,Port Richardfurt,5,9
get,institution,Lake Daniel,7,7
difference,according,Port Timothyside,7,4
sport,per,Port Nicole,4,8
have,likely,New Angela,6,7
court,enjoy,East Pamela,3,7
happen,your,Port Amyshire,3,9
sell,decision,Michelleborough,6,3
over,be,West Barbara,9,1
blood,training,Gloriaside,5,9
sell,brother,Guerreroborough,1,2
popular,middle,Bakerburgh,1,4
suddenly,way,South Elizabethview,7,2
Mrs,trouble,West Francisco,5,5
simply,yeah,New Dawntown,1,8
own,crime,Port Jonbury,2,7
control,explain,Jamesmouth,9,7
affect,resource,Matthewtown,9,5
continue,debate,Lake Jenniferland,2,9
majority,teach,Williamfort,3,5
arrive,number,Port Timothyfort,1,5
there,product,Johnland,8,4
speech,couple,Lisaburgh,4,6
sure,three,Robertside,4,4
building,need,Kimborough,3,3
everyone,peace,Port Tiffany,6,8
worry,culture,Adamfurt,5,6
oil,collection,North Sue,9,5
half,yard,Sullivanmouth,2,7
area,admit,Harrisville,2,1
study,what,East Toddbury,3,9
religious,crime,North Jane,6,3
process,drop,Matthewsstad,2,9
better,consider,Vanessaborough,6,7
their,red,Lake Donald,9,6
save,appear,Port Heatherside,4,7
particularly,turn,Steventon,9,8
its,rest,Donaldstad,2,5
open,month,Hallhaven,9,9
describe,soldier,West James,2,9
television,part,East Valerie,5,7
what,special,Bakermouth,6,3
with,defense,Christopherport,1,3
wear,able,West Jenna,7,5
out,tell,North Tomborough,8,5
bit,series,New Eric,1,6
draw,industry,North Caitlin,2,6
character,blood,Lake Stephanieberg,2,5
will,continue,Lake Christopherview,8,9
I,during,North Teresa,6,4
statement,would,Mendozaside,7,3
build,happy,North Thomasport,3,3
no,wonder,East Heather,4,8
serve,reach,Danielfort,3,8
expect,quality,South Melissafort,3,1
either,because,East Amanda,7,5
improve,teach,East Jonathanton,1,3
history,government,Garrisonside,9,2
author,age,Lake Joseph,4,2
seem,skin,Leonardville,3,9
suffer,skill,Lake John,6,9
lay,reveal,Whitneyfort,3,2
themselves,court,Kellyton,7,4
evening,run,Lake David,9,2
beautiful,house,North Brianland,5,8
live,policy,East Bryanview,7,1
might,learn,Alexanderbury,7,8
education,this,Dennismouth,7,3
action,station,Wilsontown,6,8
international,finally,Freemanside,2,3
piece,letter,Daisyview,3,8
professor,what,Lake John,6,1
share,treat,Daniellechester,6,5
each,make,Juarezbury,9,5
mind,break,New Derek,7,3
film,imagine,Lake Kristenborough,1,5
oil,they,South Royhaven,9,3
